Name,Length,EffectiveLength,TPM,NumReads,sample
gi|424037187|ref|NR_073460.1|,725,475.517,54139.03969500001,318.994,sample_06
gi|424037186|ref|NR_073459.1|,746,474.517,1.023279,0.006,sample_06
gi|209977002|ref|NM_001136213.1|,2037,1787.517,20452.294641,453.0,sample_06
gi|52546690|ref|NM_001005239.1|,981,731.5169999999999,23498.992566,213.0,sample_06
gi|51093856|ref|NM_014406.4|,2065,1801.517,17426.302791,389.0,sample_06
gi|40445391|ref|NR_001591.1|,1483,1179.517,20526.319537,300.0,sample_06
gi|338970360|ref|NR_040115.1|,1539,1289.517,19901.878903,318.0,sample_06
gi|103471990|ref|NM_175878.3|,1700,1429.517,19928.720127,353.0,sample_06
gi|151301122|ref|NR_003607.1|,1381,1131.517,19542.652824,274.0,sample_06
gi|83716020|ref|NM_001037814.1|,2630,2380.5170000000003,17527.229272,517.0,sample_06
gi|168229201|ref|NR_015352.1|,2726,2476.5170000000003,16358.987272999999,502.0,sample_06
gi|411147377|ref|NM_014339.6|,8608,8358.517,15071.888351,1561.0,sample_06
gi|251823729|ref|NM_001163079.1|,3979,3711.5170000000003,15302.107711,703.7339999999999,sample_06
gi|251823728|ref|NM_031890.3|,5043,4775.517,19253.009966,1139.266,sample_06
gi|51093854|ref|NM_017829.5|,1734,1484.517,23112.137449,425.139,sample_06
gi|51093855|ref|NM_033070.2|,1809,1559.517,16656.043694,321.861,sample_06
gi|213512664|ref|NR_024483.1|,650,375.517,34171.312210000004,159.0,sample_06
gi|213512645|ref|NR_024482.1|,356,89.541,73006.08436699999,81.0,sample_06
gi|29029551|ref|NM_177405.1|,3071,2821.5170000000003,18235.5601,637.54,sample_06
gi|29029549|ref|NM_017424.2|,3947,3682.5170000000003,17367.060861,792.46,sample_06
gi|345525396|ref|NR_038398.2|,1915,1665.517,20932.866253,432.0,sample_06
gi|270132321|ref|NM_031413.3|,5760,5510.517,17091.198109,1167.0,sample_06
gi|13899341|ref|NM_031481.1|,2087,1837.517,20027.534825,456.0,sample_06
gi|87159815|ref|NM_001039366.1|,1340,1090.517,22679.600675,306.46,sample_06
gi|87159817|ref|NM_001039367.1|,1316,1066.517,18912.155722,249.928,sample_06
gi|87159814|ref|NM_001696.3|,1406,1156.517,26350.440922,377.61199999999997,sample_06
gi|398707252|ref|NM_015367.3|,5132,4882.517,15256.036463,922.9780000000001,sample_06
gi|398775379|ref|NM_001270731.1|,5062,4812.517,16308.574166,972.51,sample_06
gi|398775908|ref|NM_001270734.1|,4918,4668.517,15977.082591999999,924.235,sample_06
gi|398775088|ref|NM_001270729.1|,4975,4725.517,17029.43603,997.1389999999999,sample_06
gi|398775598|ref|NM_001270732.1|,4905,4655.517,14353.065395,827.9780000000001,sample_06
gi|398777064|ref|NM_001270735.1|,4761,4511.517,20365.459222,1138.473,sample_06
gi|398774965|ref|NM_001270728.1|,4797,4547.517,16133.741222,909.1080000000001,sample_06
gi|398774578|ref|NM_001270726.1|,4961,4711.517,19791.621435,1155.442,sample_06
gi|398774790|ref|NM_001270727.1|,4817,4567.517,15577.263697,881.612,sample_06
gi|398775209|ref|NM_001270730.1|,4804,4554.517,19789.296858,1116.808,sample_06
gi|398776358|ref|NR_073068.1|,4730,4480.517,17829.901936000002,989.8810000000001,sample_06
gi|398776655|ref|NR_073069.1|,4713,4463.517,18608.061191999997,1029.163,sample_06
gi|398774358|ref|NM_001270733.1|,4347,4097.517,14233.593952000001,722.672,sample_06
gi|347300409|ref|NM_001244567.1|,2128,1862.517,22199.192139,512.322,sample_06
gi|347300417|ref|NM_001244570.1|,1936,1670.517,19454.36989,402.69300000000004,sample_06
gi|347300412|ref|NM_197967.2|,2147,1881.517,14688.624303,342.44800000000004,sample_06
gi|347300415|ref|NM_001244569.1|,2006,1740.517,16560.692105000002,357.16,sample_06
gi|347300411|ref|NM_001196.3|,2217,1951.517,17459.454527,422.191,sample_06
gi|347300422|ref|NM_001244572.1|,2254,1988.517,21471.929632,529.062,sample_06
gi|347300421|ref|NM_197966.2|,2535,2269.5170000000003,17357.620055,488.12300000000005,sample_06
gi|301171814|ref|NR_036168.1|,80,80.0,9079.177593999999,9.0,sample_06
gi|209862788|ref|NM_015241.2|,9471,9192.517,17154.75129,1954.001,sample_06
gi|170172517|ref|NM_001122731.1|,3384,3116.5170000000003,19326.49497,746.326,sample_06
gi|209862792|ref|NM_001136004.1|,8091,7823.517,16522.117212999998,1601.6729999999998,sample_06
gi|424037187|ref|NR_073460.1|,725,475.168,45202.122228,258.997,sample_08
gi|424037186|ref|NR_073459.1|,746,474.168,0.504696,0.003,sample_08
gi|209977002|ref|NM_001136213.1|,2037,1787.168,16565.864074,357.0,sample_08
gi|52546690|ref|NM_001005239.1|,981,731.168,24498.965299,216.0,sample_08
gi|51093856|ref|NM_014406.4|,2065,1801.168,18831.301771000002,409.0,sample_08
gi|40445391|ref|NR_001591.1|,1483,1179.1680000000001,21450.399225999998,305.0,sample_08
gi|338970360|ref|NR_040115.1|,1539,1289.1680000000001,20713.695514,322.0,sample_08
gi|103471990|ref|NM_175878.3|,1700,1429.168,22630.417441,390.0,sample_08
gi|151301122|ref|NR_003607.1|,1381,1131.1680000000001,22287.312059,304.0,sample_08
gi|83716020|ref|NM_001037814.1|,2630,2380.1679999999997,20243.229224000002,581.0,sample_08
gi|168229201|ref|NR_015352.1|,2726,2476.1679999999997,18889.056755,564.0,sample_08
gi|411147377|ref|NM_014339.6|,8608,8358.168,15815.703941,1594.0,sample_08
gi|251823729|ref|NM_001163079.1|,3979,3711.1679999999997,19336.293969,865.312,sample_08
gi|251823728|ref|NM_031890.3|,5043,4775.168,14912.765761,858.688,sample_08
gi|51093854|ref|NM_017829.5|,1734,1484.168,15929.866975,285.091,sample_08
gi|51093855|ref|NM_033070.2|,1809,1559.168,18823.898429,353.909,sample_08
gi|213512664|ref|NR_024483.1|,650,375.168,25420.440712,115.0,sample_08
gi|213512645|ref|NR_024482.1|,356,89.181,78112.288203,84.0,sample_08
gi|29029551|ref|NM_177405.1|,3071,2821.1679999999997,19305.613577,656.752,sample_08
gi|29029549|ref|NM_017424.2|,3947,3682.1679999999997,19104.278089,848.248,sample_08
gi|345525396|ref|NR_038398.2|,1915,1665.168,22610.441834,454.0,sample_08
gi|270132321|ref|NM_031413.3|,5760,5510.168000000001,17804.558271,1183.0,sample_08
gi|13899341|ref|NM_031481.1|,2087,1837.168,18552.575533000003,411.0,sample_08
gi|87159815|ref|NM_001039366.1|,1340,1090.1680000000001,21553.392063,283.33299999999997,sample_08
gi|87159817|ref|NM_001039367.1|,1316,1066.1680000000001,17519.047781999998,225.229,sample_08
gi|87159814|ref|NM_001696.3|,1406,1156.1680000000001,19397.991558,270.437,sample_08
gi|398707252|ref|NM_015367.3|,5132,4882.168,18098.657511,1065.486,sample_08
gi|398775379|ref|NM_001270731.1|,5062,4812.168,13968.348887,810.54,sample_08
gi|398775908|ref|NM_001270734.1|,4918,4668.168,13852.252385,779.75,sample_08
gi|398775088|ref|NM_001270729.1|,4975,4725.168,19018.612240000002,1083.639,sample_08
gi|398775598|ref|NM_001270732.1|,4905,4655.168,17407.762668,977.163,sample_08
gi|398777064|ref|NM_001270735.1|,4761,4511.168,21562.451988999997,1172.94,sample_08
gi|398774965|ref|NM_001270728.1|,4797,4547.168,19387.356503,1063.037,sample_08
gi|398774578|ref|NM_001270726.1|,4961,4711.168,17596.330186000003,999.63,sample_08
gi|398774790|ref|NM_001270727.1|,4817,4567.168,16164.328534999999,890.212,sample_08
gi|398775209|ref|NM_001270730.1|,4804,4554.168,21071.862686,1157.1789999999999,sample_08
gi|398776358|ref|NR_073068.1|,4730,4480.168,17252.434607,932.038,sample_08
gi|398776655|ref|NR_073069.1|,4713,4463.168,19474.791822,1048.105,sample_08
gi|398774358|ref|NM_001270733.1|,4347,4097.168,14194.465044,701.28,sample_08
gi|347300409|ref|NM_001244567.1|,2128,1862.168,17829.963799,400.36699999999996,sample_08
gi|347300417|ref|NM_001244570.1|,1936,1670.168,18906.092791,380.759,sample_08
gi|347300412|ref|NM_197967.2|,2147,1881.168,27812.611281999998,630.896,sample_08
gi|347300415|ref|NM_001244569.1|,2006,1740.168,16148.089781,338.845,sample_08
gi|347300411|ref|NM_001196.3|,2217,1951.168,15793.919458000002,371.598,sample_08
gi|347300422|ref|NM_001244572.1|,2254,1988.168,24489.872886,587.122,sample_08
gi|347300421|ref|NM_197966.2|,2535,2269.1679999999997,16497.496616,451.412,sample_08
gi|301171814|ref|NR_036168.1|,80,80.0,6219.7450420000005,6.0,sample_08
gi|209862788|ref|NM_015241.2|,9471,9192.168,16532.843929,1832.543,sample_08
gi|170172517|ref|NM_001122731.1|,3384,3116.1679999999997,18390.969524,691.058,sample_08
gi|209862792|ref|NM_001136004.1|,8091,7823.168000000001,16816.714843,1586.399,sample_08
gi|424037187|ref|NR_073460.1|,725,475.345,49161.388769,276.0,sample_17
gi|209977002|ref|NM_001136213.1|,2037,1787.345,21222.344274000003,448.0,sample_17
gi|52546690|ref|NM_001005239.1|,981,731.345,19681.150929,170.0,sample_17
gi|51093856|ref|NM_014406.4|,2065,1801.345,17955.197849,382.0,sample_17
gi|40445391|ref|NR_001591.1|,1483,1179.345,22758.423347,317.0,sample_17
gi|338970360|ref|NR_040115.1|,1539,1289.345,24297.206861000002,370.0,sample_17
gi|103471990|ref|NM_175878.3|,1700,1429.345,23575.980306,398.0,sample_17
gi|151301122|ref|NR_003607.1|,1381,1131.345,20206.564808000003,270.0,sample_17
gi|83716020|ref|NM_001037814.1|,2630,2380.345,16433.337565,462.0,sample_17
gi|168229201|ref|NR_015352.1|,2726,2476.345,16651.045846,487.0,sample_17
gi|411147377|ref|NM_014339.6|,8608,8358.345,18497.12099,1826.0,sample_17
gi|251823729|ref|NM_001163079.1|,3979,3711.345,17324.861905,759.4119999999999,sample_17
gi|251823728|ref|NM_031890.3|,5043,4775.345,19726.648694,1112.588,sample_17
gi|51093854|ref|NM_017829.5|,1734,1484.345,15900.437469999999,278.753,sample_17
gi|51093855|ref|NM_033070.2|,1809,1559.345,25859.100802,476.24699999999996,sample_17
gi|213512664|ref|NR_024483.1|,650,375.345,27294.73112,121.0,sample_17
gi|213512645|ref|NR_024482.1|,356,89.39,49253.688622,52.0,sample_17
gi|29029551|ref|NM_177405.1|,3071,2821.345,20392.070596,679.507,sample_17
gi|29029549|ref|NM_017424.2|,3947,3682.345,15991.605894,695.493,sample_17
gi|345525396|ref|NR_038398.2|,1915,1665.345,19980.763116,393.0,sample_17
gi|270132321|ref|NM_031413.3|,5760,5510.345,17009.53722,1107.0,sample_17
gi|13899341|ref|NM_031481.1|,2087,1837.345,19170.186917,416.0,sample_17
gi|87159815|ref|NM_001039366.1|,1340,1090.345,19493.175209,251.028,sample_17
gi|87159817|ref|NM_001039367.1|,1316,1066.345,23281.475906,293.214,sample_17
gi|87159814|ref|NM_001696.3|,1406,1156.345,18946.538578,258.758,sample_17
gi|398707252|ref|NM_015367.3|,5132,4882.345,20534.670201,1184.111,sample_17
gi|398775379|ref|NM_001270731.1|,5062,4812.345,15216.676341999999,864.8739999999999,sample_17
gi|398775908|ref|NM_001270734.1|,4918,4668.345,19198.272652,1058.526,sample_17
gi|398775088|ref|NM_001270729.1|,4975,4725.345,15427.304893999999,860.9939999999999,sample_17
gi|398775598|ref|NM_001270732.1|,4905,4655.345,21151.816953999998,1162.99,sample_17
gi|398777064|ref|NM_001270735.1|,4761,4511.345,15793.615630000002,841.5189999999999,sample_17
gi|398774965|ref|NM_001270728.1|,4797,4547.345,18795.197209,1009.441,sample_17
gi|398774578|ref|NM_001270726.1|,4961,4711.345,18834.816846,1048.052,sample_17
gi|398774790|ref|NM_001270727.1|,4817,4567.345,18513.18248,998.668,sample_17
gi|398775209|ref|NM_001270730.1|,4804,4554.345,19740.109197,1061.822,sample_17
gi|398776358|ref|NR_073068.1|,4730,4480.345,16488.864016,872.5260000000001,sample_17
gi|398776655|ref|NR_073069.1|,4713,4463.345,17587.722571000002,927.1419999999999,sample_17
gi|398774358|ref|NM_001270733.1|,4347,4097.345,18108.860278,876.335,sample_17
gi|347300409|ref|NM_001244567.1|,2128,1862.345,12273.365367,269.96,sample_17
gi|347300417|ref|NM_001244570.1|,1936,1670.345,24640.837598,486.11400000000003,sample_17
gi|347300412|ref|NM_197967.2|,2147,1881.345,17852.888812,396.69199999999995,sample_17
gi|347300415|ref|NM_001244569.1|,2006,1740.345,18360.639875999997,377.398,sample_17
gi|347300411|ref|NM_001196.3|,2217,1951.345,19367.63115,446.36199999999997,sample_17
gi|347300422|ref|NM_001244572.1|,2254,1988.345,17821.239638,418.51,sample_17
gi|347300421|ref|NM_197966.2|,2535,2269.345,21153.34444,566.964,sample_17
gi|301171814|ref|NR_036168.1|,80,80.0,15875.408501,15.0,sample_17
gi|209862788|ref|NM_015241.2|,9471,9192.345,18130.977933000002,1968.4479999999999,sample_17
gi|170172517|ref|NM_001122731.1|,3384,3116.345,20655.499264,760.252,sample_17
gi|209862792|ref|NM_001136004.1|,8091,7823.345,18412.47456,1701.3,sample_17
gi|424037187|ref|NR_073460.1|,725,475.186,36383.092738,211.687,sample_20
gi|424037186|ref|NR_073459.1|,746,474.186,26061.244885,151.313,sample_20
gi|209977002|ref|NM_001136213.1|,2037,1787.1860000000001,18370.647923,402.0,sample_20
gi|52546690|ref|NM_001005239.1|,981,731.186,20552.198451,184.0,sample_20
gi|51093856|ref|NM_014406.4|,2065,1801.1860000000001,18998.689016999997,419.0,sample_20
gi|40445391|ref|NR_001591.1|,1483,1179.1860000000001,20570.382375999998,297.0,sample_20
gi|338970360|ref|NR_040115.1|,1539,1289.1860000000001,16091.122900999999,254.0,sample_20
gi|103471990|ref|NM_175878.3|,1700,1429.1860000000001,22572.337942,395.0,sample_20
gi|151301122|ref|NR_003607.1|,1381,1131.1860000000001,21732.050759,301.0,sample_20
gi|83716020|ref|NM_001037814.1|,2630,2380.186,19112.277682,557.0,sample_20
gi|168229201|ref|NR_015352.1|,2726,2476.186,18701.133902,567.0,sample_20
gi|411147377|ref|NM_014339.6|,8608,8358.186,16367.067375,1675.0,sample_20
gi|251823729|ref|NM_001163079.1|,3979,3711.1859999999997,20525.644683000002,932.699,sample_20
gi|251823728|ref|NM_031890.3|,5043,4775.186,15740.111794,920.301,sample_20
gi|51093854|ref|NM_017829.5|,1734,1484.1860000000001,20871.27711,379.288,sample_20
gi|51093855|ref|NM_033070.2|,1809,1559.1860000000001,16589.55419,316.712,sample_20
gi|213512664|ref|NR_024483.1|,650,375.186,18938.309324,87.0,sample_20
gi|213512645|ref|NR_024482.1|,356,89.20299999999999,62258.409951999995,68.0,sample_20
gi|29029551|ref|NM_177405.1|,3071,2821.1859999999997,18606.678869,642.736,sample_20
gi|29029549|ref|NM_017424.2|,3947,3682.1859999999997,17661.176163,796.2639999999999,sample_20
gi|345525396|ref|NR_038398.2|,1915,1665.1860000000001,21727.469937,443.0,sample_20
gi|270132321|ref|NM_031413.3|,5760,5510.186,17356.363546,1171.0,sample_20
gi|13899341|ref|NM_031481.1|,2087,1837.1860000000001,18404.133948,414.0,sample_20
gi|87159815|ref|NM_001039366.1|,1340,1090.1860000000001,25301.052058,337.731,sample_20
gi|87159817|ref|NM_001039367.1|,1316,1066.1860000000001,20915.436598,273.043,sample_20
gi|87159814|ref|NM_001696.3|,1406,1156.1860000000001,21136.801945,299.226,sample_20
gi|398707252|ref|NM_015367.3|,5132,4882.186,14672.12726,877.08,sample_20
gi|398775379|ref|NM_001270731.1|,5062,4812.186,19330.371515,1138.976,sample_20
gi|398775908|ref|NM_001270734.1|,4918,4668.186,23594.59923,1348.629,sample_20
gi|398775088|ref|NM_001270729.1|,4975,4725.186,14579.048411000002,843.49,sample_20
gi|398775598|ref|NM_001270732.1|,4905,4655.186,15915.395512000001,907.165,sample_20
gi|398777064|ref|NM_001270735.1|,4761,4511.186,14170.454827000001,782.72,sample_20
gi|398774965|ref|NM_001270728.1|,4797,4547.186,14464.42377,805.3330000000001,sample_20
gi|398774578|ref|NM_001270726.1|,4961,4711.186,16588.619819,956.913,sample_20
gi|398774790|ref|NM_001270727.1|,4817,4567.186,17421.635946000002,974.248,sample_20
gi|398775209|ref|NM_001270730.1|,4804,4554.186,20283.748012,1131.0739999999998,sample_20
gi|398776358|ref|NR_073068.1|,4730,4480.186,15290.624408000001,838.79,sample_20
gi|398776655|ref|NR_073069.1|,4713,4463.186,14844.582330000001,811.232,sample_20
gi|398774358|ref|NM_001270733.1|,4347,4097.186,15913.867741,798.35,sample_20
gi|347300409|ref|NM_001244567.1|,2128,1862.1860000000001,9484.152872,216.24900000000002,sample_20
gi|347300417|ref|NM_001244570.1|,1936,1670.1860000000001,19569.638465,400.202,sample_20
gi|347300412|ref|NM_197967.2|,2147,1881.1860000000001,19856.32334,457.36400000000003,sample_20
gi|347300415|ref|NM_001244569.1|,2006,1740.1860000000001,25130.880716,535.47,sample_20
gi|347300411|ref|NM_001196.3|,2217,1951.1860000000001,18474.241544,441.36400000000003,sample_20
gi|347300422|ref|NM_001244572.1|,2254,1988.1860000000001,19835.089219,482.86199999999997,sample_20
gi|347300421|ref|NM_197966.2|,2535,2269.186,18589.112479,516.488,sample_20
gi|301171814|ref|NR_036168.1|,80,80.0,28584.862785,28.0,sample_20
gi|209862788|ref|NM_015241.2|,9471,9192.186,16684.267056,1877.8370000000002,sample_20
gi|170172517|ref|NM_001122731.1|,3384,3116.1859999999997,18416.869449,702.702,sample_20
gi|209862792|ref|NM_001136004.1|,8091,7823.186,16760.397230000002,1605.461,sample_20
gi|424037187|ref|NR_073460.1|,725,475.352,19642.724938,111.23299999999999,sample_01
gi|424037186|ref|NR_073459.1|,746,474.352,25441.641325,143.767,sample_01
gi|209977002|ref|NM_001136213.1|,2037,1787.352,20288.909931000002,432.0,sample_01
gi|52546690|ref|NM_001005239.1|,981,731.352,21463.488246,187.0,sample_01
gi|51093856|ref|NM_014406.4|,2065,1801.352,15098.419285,324.0,sample_01
gi|40445391|ref|NR_001591.1|,1483,1179.3519999999999,22847.920344,321.0,sample_01
gi|338970360|ref|NR_040115.1|,1539,1289.3519999999999,19922.095209,306.0,sample_01
gi|103471990|ref|NM_175878.3|,1700,1429.352,20965.92832,357.0,sample_01
gi|151301122|ref|NR_003607.1|,1381,1131.3519999999999,18326.701235,247.0,sample_01
gi|83716020|ref|NM_001037814.1|,2630,2380.3520000000003,18760.978683,532.0,sample_01
gi|168229201|ref|NR_015352.1|,2726,2476.3520000000003,18813.328799000003,555.0,sample_01
gi|411147377|ref|NM_014339.6|,8608,8358.351999999999,18027.221833,1795.0,sample_01
gi|251823729|ref|NM_001163079.1|,3979,3711.3520000000003,20826.47119,920.795,sample_01
gi|251823728|ref|NM_031890.3|,5043,4775.352,17124.981631,974.205,sample_01
gi|51093854|ref|NM_017829.5|,1734,1484.352,20165.410509999998,356.582,sample_01
gi|51093855|ref|NM_033070.2|,1809,1559.352,21878.336362000002,406.418,sample_01
gi|213512664|ref|NR_024483.1|,650,375.352,25271.150345,113.0,sample_01
gi|213512645|ref|NR_024482.1|,356,89.374,65746.06764,70.0,sample_01
gi|29029551|ref|NM_177405.1|,3071,2821.3520000000003,17975.407729,604.159,sample_01
gi|29029549|ref|NM_017424.2|,3947,3682.3520000000003,19076.682925,836.841,sample_01
gi|345525396|ref|NR_038398.2|,1915,1665.352,19960.628221,396.0,sample_01
gi|270132321|ref|NM_031413.3|,5760,5510.352,17716.804238,1163.0,sample_01
gi|13899341|ref|NM_031481.1|,2087,1837.352,18183.428025999998,398.0,sample_01
gi|87159815|ref|NM_001039366.1|,1340,1090.3519999999999,22342.806789,290.215,sample_01
gi|87159817|ref|NM_001039367.1|,1316,1066.3519999999999,19721.096876,250.52200000000002,sample_01
gi|87159814|ref|NM_001696.3|,1406,1156.3519999999999,17514.012487,241.263,sample_01
gi|398707252|ref|NM_015367.3|,5132,4882.352,19315.292663999997,1123.428,sample_01
gi|398775379|ref|NM_001270731.1|,5062,4812.352,19495.852072,1117.673,sample_01
gi|398775908|ref|NM_001270734.1|,4918,4668.352,21209.827533,1179.548,sample_01
gi|398775088|ref|NM_001270729.1|,4975,4725.352,22306.861301,1255.705,sample_01
gi|398775598|ref|NM_001270732.1|,4905,4655.352,20927.283294,1160.594,sample_01
gi|398777064|ref|NM_001270735.1|,4761,4511.352,14717.61714,790.9689999999999,sample_01
gi|398774965|ref|NM_001270728.1|,4797,4547.352,13649.706763,739.43,sample_01
gi|398774578|ref|NM_001270726.1|,4961,4711.352,14516.355698,814.738,sample_01
gi|398774790|ref|NM_001270727.1|,4817,4567.352,14791.240990999999,804.793,sample_01
gi|398775209|ref|NM_001270730.1|,4804,4554.352,15616.694230000001,847.2869999999999,sample_01
gi|398776358|ref|NR_073068.1|,4730,4480.352,16986.43576,906.6289999999999,sample_01
gi|398776655|ref|NR_073069.1|,4713,4463.352,18738.723084999998,996.36,sample_01
gi|398774358|ref|NM_001270733.1|,4347,4097.352,18353.362251,895.847,sample_01
gi|347300409|ref|NM_001244567.1|,2128,1862.352,20996.996672999998,465.837,sample_01
gi|347300417|ref|NM_001244570.1|,1936,1670.352,18723.921746,372.58,sample_01
gi|347300412|ref|NM_197967.2|,2147,1881.352,18801.134798,421.375,sample_01
gi|347300415|ref|NM_001244569.1|,2006,1740.352,15961.199025,330.916,sample_01
gi|347300411|ref|NM_001196.3|,2217,1951.352,17730.110765999998,412.156,sample_01
gi|347300422|ref|NM_001244572.1|,2254,1988.352,17697.274808000002,419.194,sample_01
gi|347300421|ref|NM_197966.2|,2535,2269.3520000000003,20527.244145,554.942,sample_01
gi|301171814|ref|NR_036168.1|,80,80.0,24133.640665,23.0,sample_01
gi|209862788|ref|NM_015241.2|,9471,9192.351999999999,17204.193022,1883.979,sample_01
gi|170172517|ref|NM_001122731.1|,3384,3116.3520000000003,17155.678276,636.8969999999999,sample_01
gi|209862792|ref|NM_001136004.1|,8091,7823.352,17340.710178999998,1616.124,sample_01
gi|424037187|ref|NR_073460.1|,725,474.733,50599.44755,282.0,sample_05
gi|209977002|ref|NM_001136213.1|,2037,1786.733,20500.057797,430.0,sample_05
gi|52546690|ref|NM_001005239.1|,981,730.7330000000001,28443.123681999998,244.0,sample_05
gi|51093856|ref|NM_014406.4|,2065,1800.733,20198.766126,427.0,sample_05
gi|40445391|ref|NR_001591.1|,1483,1178.733,23992.134791,332.0,sample_05
gi|338970360|ref|NR_040115.1|,1539,1288.733,19234.29622,291.0,sample_05
gi|103471990|ref|NM_175878.3|,1700,1428.733,21821.08193,366.0,sample_05
gi|151301122|ref|NR_003607.1|,1381,1130.733,22825.947184,303.0,sample_05
gi|83716020|ref|NM_001037814.1|,2630,2379.7329999999997,21226.225166999997,593.0,sample_05
gi|168229201|ref|NR_015352.1|,2726,2475.7329999999997,18201.122606,529.0,sample_05
gi|411147377|ref|NM_014339.6|,8608,8357.733,18345.534,1800.0,sample_05
gi|251823729|ref|NM_001163079.1|,3979,3710.7329999999997,21295.938280000002,927.706,sample_05
gi|251823728|ref|NM_031890.3|,5043,4774.733,16721.424917,937.294,sample_05
gi|51093854|ref|NM_017829.5|,1734,1483.733,17455.446839,304.047,sample_05
gi|51093855|ref|NM_033070.2|,1809,1558.733,22075.247875999998,403.95300000000003,sample_05
gi|213512664|ref|NR_024483.1|,650,374.733,25004.418622999998,110.0,sample_05
gi|213512645|ref|NR_024482.1|,356,88.74600000000001,52790.764456,55.0,sample_05
gi|29029551|ref|NM_177405.1|,3071,2820.7329999999997,19481.832261000003,645.127,sample_05
gi|29029549|ref|NM_017424.2|,3947,3681.7329999999997,16446.967419999997,710.873,sample_05
gi|345525396|ref|NR_038398.2|,1915,1664.733,21183.710650999998,414.0,sample_05
gi|270132321|ref|NM_031413.3|,5760,5509.733,16372.377284999999,1059.0,sample_05
gi|13899341|ref|NM_031481.1|,2087,1836.733,16185.483919,349.0,sample_05
gi|87159815|ref|NM_001039366.1|,1340,1089.733,25918.857222,331.58099999999996,sample_05
gi|87159817|ref|NM_001039367.1|,1316,1065.733,23266.004784,291.08799999999997,sample_05
gi|87159814|ref|NM_001696.3|,1406,1155.733,14028.092455000002,190.331,sample_05
gi|398707252|ref|NM_015367.3|,5132,4881.733,26158.808812,1499.152,sample_05
gi|398775379|ref|NM_001270731.1|,5062,4811.733,14515.151178,819.93,sample_05
gi|398775908|ref|NM_001270734.1|,4918,4667.733,15473.969533000001,847.933,sample_05
gi|398775088|ref|NM_001270729.1|,4975,4724.733,14163.547885,785.6030000000001,sample_05
gi|398775598|ref|NM_001270732.1|,4905,4654.733,15970.642409999999,872.712,sample_05
gi|398777064|ref|NM_001270735.1|,4761,4510.733,17585.758405,931.2410000000001,sample_05
gi|398774965|ref|NM_001270728.1|,4797,4546.733,19090.162550999998,1018.9730000000001,sample_05
gi|398774578|ref|NM_001270726.1|,4961,4710.733,18844.554901,1042.145,sample_05
gi|398774790|ref|NM_001270727.1|,4817,4566.733,20430.440716999998,1095.31,sample_05
gi|398775209|ref|NM_001270730.1|,4804,4553.733,16342.752205,873.668,sample_05
gi|398776358|ref|NR_073068.1|,4730,4479.733,17761.746587999998,934.096,sample_05
gi|398776655|ref|NR_073069.1|,4713,4462.733,18306.672044,959.1,sample_05
gi|398774358|ref|NM_001270733.1|,4347,4096.733,13892.329711000002,668.138,sample_05
gi|347300409|ref|NM_001244567.1|,2128,1861.733,14177.736378,309.869,sample_05
gi|347300417|ref|NM_001244570.1|,1936,1669.733,23417.285015999998,459.026,sample_05
gi|347300412|ref|NM_197967.2|,2147,1880.733,16729.547281,369.37300000000005,sample_05
gi|347300415|ref|NM_001244569.1|,2006,1739.733,21341.908658,435.88300000000004,sample_05
gi|347300411|ref|NM_001196.3|,2217,1950.733,20701.147274000003,474.074,sample_05
gi|347300422|ref|NM_001244572.1|,2254,1987.733,19476.293859999998,454.483,sample_05
gi|347300421|ref|NM_197966.2|,2535,2268.7329999999997,17957.931064,478.292,sample_05
gi|301171814|ref|NR_036168.1|,80,80.0,9582.942524,9.0,sample_05
gi|209862788|ref|NM_015241.2|,9471,9191.733,17483.712654,1886.621,sample_05
gi|170172517|ref|NM_001122731.1|,3384,3115.7329999999997,18454.596186000002,675.023,sample_05
gi|209862792|ref|NM_001136004.1|,8091,7822.733,18526.058125,1701.356,sample_05
gi|424037187|ref|NR_073460.1|,725,475.384,49506.988912,275.0,sample_13
gi|209977002|ref|NM_001136213.1|,2037,1787.384,20588.710681,430.0,sample_13
gi|52546690|ref|NM_001005239.1|,981,731.3839999999999,23051.502443,197.0,sample_13
gi|51093856|ref|NM_014406.4|,2065,1801.384,19478.527258000002,410.0,sample_13
gi|40445391|ref|NR_001591.1|,1483,1179.384,21551.611265,297.0,sample_13
gi|338970360|ref|NR_040115.1|,1539,1289.384,16659.80756,251.0,sample_13
gi|103471990|ref|NM_175878.3|,1700,1429.384,19698.153898,329.0,sample_13
gi|151301122|ref|NR_003607.1|,1381,1131.384,16717.093212,221.0,sample_13
gi|83716020|ref|NM_001037814.1|,2630,2380.384,16861.818019,469.0,sample_13
gi|168229201|ref|NR_015352.1|,2726,2476.384,19214.778468,556.0,sample_13
gi|411147377|ref|NM_014339.6|,8608,8358.384,18235.60653,1781.0,sample_13
gi|251823729|ref|NM_001163079.1|,3979,3711.384,18283.385352,792.8919999999999,sample_13
gi|251823728|ref|NM_031890.3|,5043,4775.384,17116.812402,955.1080000000001,sample_13
gi|51093854|ref|NM_017829.5|,1734,1484.384,21352.236231,370.349,sample_13
gi|51093855|ref|NM_033070.2|,1809,1559.384,20945.559875,381.651,sample_13
gi|213512664|ref|NR_024483.1|,650,375.384,26674.016625,117.0,sample_13
gi|213512645|ref|NR_024482.1|,356,89.40100000000001,60308.41991900001,63.0,sample_13
gi|29029551|ref|NM_177405.1|,3071,2821.384,18897.34704,622.995,sample_13
gi|29029549|ref|NM_017424.2|,3947,3682.384,19429.359139,836.005,sample_13
gi|345525396|ref|NR_038398.2|,1915,1665.384,18345.619621,357.0,sample_13
gi|270132321|ref|NM_031413.3|,5760,5510.384,19662.124737000002,1266.0,sample_13
gi|13899341|ref|NM_031481.1|,2087,1837.384,17140.617022,368.0,sample_13
gi|87159815|ref|NM_001039366.1|,1340,1090.384,18988.294868,241.928,sample_13
gi|87159817|ref|NM_001039367.1|,1316,1066.384,15526.530541999999,193.468,sample_13
gi|87159814|ref|NM_001696.3|,1406,1156.384,29203.658843,394.603,sample_13
gi|398707252|ref|NM_015367.3|,5132,4882.384,22317.960235,1273.233,sample_13
gi|398775379|ref|NM_001270731.1|,5062,4812.384,14474.195747,813.909,sample_13
gi|398775908|ref|NM_001270734.1|,4918,4668.384,21107.441791999998,1151.393,sample_13
gi|398775088|ref|NM_001270729.1|,4975,4725.384,16065.523838,887.061,sample_13
gi|398775598|ref|NM_001270732.1|,4905,4655.384,16798.671937,913.801,sample_13
gi|398777064|ref|NM_001270735.1|,4761,4511.384,15887.107656,837.4830000000001,sample_13
gi|398774965|ref|NM_001270728.1|,4797,4547.384,17927.990839,952.6089999999999,sample_13
gi|398774578|ref|NM_001270726.1|,4961,4711.384,22193.83398,1221.806,sample_13
gi|398774790|ref|NM_001270727.1|,4817,4567.384,13059.192533,696.956,sample_13
gi|398775209|ref|NM_001270730.1|,4804,4554.384,18069.169128999998,961.5880000000001,sample_13
gi|398776358|ref|NR_073068.1|,4730,4480.384,17351.363823,908.3860000000001,sample_13
gi|398776655|ref|NR_073069.1|,4713,4463.384,19741.588849,1029.598,sample_13
gi|398774358|ref|NM_001270733.1|,4347,4097.384,20994.920663999997,1005.176,sample_13
gi|347300409|ref|NM_001244567.1|,2128,1862.384,27311.529326999997,594.342,sample_13
gi|347300417|ref|NM_001244570.1|,1936,1670.384,12849.124131999999,250.791,sample_13
gi|347300412|ref|NM_197967.2|,2147,1881.384,18065.546133,397.14599999999996,sample_13
gi|347300415|ref|NM_001244569.1|,2006,1740.384,21458.947261,436.39,sample_13
gi|347300411|ref|NM_001196.3|,2217,1951.384,15601.057149,355.728,sample_13
gi|347300422|ref|NM_001244572.1|,2254,1988.384,16752.449988999997,389.224,sample_13
gi|347300421|ref|NM_197966.2|,2535,2269.384,17323.726716,459.379,sample_13
gi|301171814|ref|NR_036168.1|,80,80.0,14976.718803,14.0,sample_13
gi|209862788|ref|NM_015241.2|,9471,9192.384,18890.687418,2029.0710000000001,sample_13
gi|170172517|ref|NM_001122731.1|,3384,3116.384,18849.700147,686.3989999999999,sample_13
gi|209862792|ref|NM_001136004.1|,8091,7823.384,18492.971440999998,1690.529,sample_13
gi|424037187|ref|NR_073460.1|,725,474.749,45798.058002,251.0,sample_16
gi|424037186|ref|NR_073459.1|,746,473.749,0.00302,0.0,sample_16
gi|209977002|ref|NM_001136213.1|,2037,1786.749,21962.020114,453.0,sample_16
gi|52546690|ref|NM_001005239.1|,981,730.7489999999999,23234.073911000003,196.0,sample_16
gi|51093856|ref|NM_014406.4|,2065,1800.749,20396.249013,424.0,sample_16
gi|40445391|ref|NR_001591.1|,1483,1178.749,19694.776179,268.0,sample_16
gi|338970360|ref|NR_040115.1|,1539,1288.749,22786.045449,339.0,sample_16
gi|103471990|ref|NM_175878.3|,1700,1428.749,20068.257581,331.0,sample_16
gi|151301122|ref|NR_003607.1|,1381,1130.749,18845.448732,246.0,sample_16
gi|83716020|ref|NM_001037814.1|,2630,2379.749,18054.612526,496.0,sample_16
gi|168229201|ref|NR_015352.1|,2726,2475.749,18719.093809,535.0,sample_16
gi|411147377|ref|NM_014339.6|,8608,8357.749,17712.930827,1709.0,sample_16
gi|251823729|ref|NM_001163079.1|,3979,3710.7490000000003,16134.733672,691.171,sample_16
gi|251823728|ref|NM_031890.3|,5043,4774.749,16506.186607,909.829,sample_16
gi|51093854|ref|NM_017829.5|,1734,1483.749,20947.093603999998,358.795,sample_16
gi|51093855|ref|NM_033070.2|,1809,1558.749,24907.948396,448.205,sample_16
gi|213512664|ref|NR_024483.1|,650,374.749,19416.732991999997,84.0,sample_16
gi|213512645|ref|NR_024482.1|,356,88.777,53666.304028,55.0,sample_16
gi|29029551|ref|NM_177405.1|,3071,2820.7490000000003,18833.580294,613.281,sample_16
gi|29029549|ref|NM_017424.2|,3947,3681.7490000000003,18368.686886000003,780.7189999999999,sample_16
gi|345525396|ref|NR_038398.2|,1915,1664.749,19929.097715,383.0,sample_16
gi|270132321|ref|NM_031413.3|,5760,5509.749,18724.818933000002,1191.0,sample_16
gi|13899341|ref|NM_031481.1|,2087,1836.749,22118.754243,469.0,sample_16
gi|87159815|ref|NM_001039366.1|,1340,1089.749,20892.822785,262.837,sample_16
gi|87159817|ref|NM_001039367.1|,1316,1065.749,18936.828359,232.983,sample_16
gi|87159814|ref|NM_001696.3|,1406,1155.749,19650.508285,262.18,sample_16
gi|398707252|ref|NM_015367.3|,5132,4881.749,14960.473431,843.1080000000001,sample_16
gi|398775379|ref|NM_001270731.1|,5062,4811.749,17026.877762,945.802,sample_16
gi|398775908|ref|NM_001270734.1|,4918,4667.749,22964.116287,1237.427,sample_16
gi|398775088|ref|NM_001270729.1|,4975,4724.749,17873.567869,974.883,sample_16
gi|398775598|ref|NM_001270732.1|,4905,4654.749,19633.302725999998,1054.999,sample_16
gi|398777064|ref|NM_001270735.1|,4761,4510.749,18321.641701,954.059,sample_16
gi|398774965|ref|NM_001270728.1|,4797,4546.749,17528.182421,920.0260000000001,sample_16
gi|398774578|ref|NM_001270726.1|,4961,4710.749,16613.628397,903.4760000000001,sample_16
gi|398774790|ref|NM_001270727.1|,4817,4566.749,20600.088407,1086.022,sample_16
gi|398775209|ref|NM_001270730.1|,4804,4553.749,19306.711712,1014.938,sample_16
gi|398776358|ref|NR_073068.1|,4730,4479.749,11784.097884,609.414,sample_16
gi|398776655|ref|NR_073069.1|,4713,4462.749,20928.568069,1078.212,sample_16
gi|398774358|ref|NM_001270733.1|,4347,4096.749,16273.546223,769.633,sample_16
gi|347300409|ref|NM_001244567.1|,2128,1861.749,26190.07109,562.886,sample_16
gi|347300417|ref|NM_001244570.1|,1936,1669.749,22923.040671000002,441.861,sample_16
gi|347300412|ref|NM_197967.2|,2147,1880.749,12588.487576000001,273.317,sample_16
gi|347300415|ref|NM_001244569.1|,2006,1739.749,16349.44932,328.361,sample_16
gi|347300411|ref|NM_001196.3|,2217,1950.749,11515.627395,259.329,sample_16
gi|347300422|ref|NM_001244572.1|,2254,1987.749,22551.881736000003,517.496,sample_16
gi|347300421|ref|NM_197966.2|,2535,2268.749,17133.876041,448.75,sample_16
gi|301171814|ref|NR_036168.1|,80,80.0,28152.765624,26.0,sample_16
gi|209862788|ref|NM_015241.2|,9471,9191.749,17025.060984,1806.546,sample_16
gi|170172517|ref|NM_001122731.1|,3384,3115.7490000000003,17756.627515,638.683,sample_16
gi|209862792|ref|NM_001136004.1|,8091,7822.749,17692.643196,1597.771,sample_16
gi|424037187|ref|NR_073460.1|,725,474.966,46962.51382,257.999,sample_15
gi|424037186|ref|NR_073459.1|,746,473.966,0.144403,0.001,sample_15
gi|209977002|ref|NM_001136213.1|,2037,1786.9660000000001,19207.457384,397.0,sample_15
gi|52546690|ref|NM_001005239.1|,981,730.966,23300.466608000002,197.0,sample_15
gi|51093856|ref|NM_014406.4|,2065,1800.9660000000001,18722.108359,390.0,sample_15
gi|40445391|ref|NR_001591.1|,1483,1178.9660000000001,19066.355891,260.0,sample_15
gi|338970360|ref|NR_040115.1|,1539,1288.9660000000001,15896.536827000002,237.0,sample_15
gi|103471990|ref|NM_175878.3|,1700,1428.9660000000001,21478.408719,355.0,sample_15
gi|151301122|ref|NR_003607.1|,1381,1130.9660000000001,16970.672376,222.0,sample_15
gi|83716020|ref|NM_001037814.1|,2630,2379.966,19652.698392,541.0,sample_15
gi|168229201|ref|NR_015352.1|,2726,2475.966,17424.147854,499.0,sample_15
gi|411147377|ref|NM_014339.6|,8608,8357.966,17171.300917,1660.0,sample_15
gi|251823729|ref|NM_001163079.1|,3979,3710.966,15107.763122999999,648.472,sample_15
gi|251823728|ref|NM_031890.3|,5043,4774.965999999999,20378.940174,1125.528,sample_15
gi|51093854|ref|NM_017829.5|,1734,1483.9660000000001,27344.805371,469.35699999999997,sample_15
gi|51093855|ref|NM_033070.2|,1809,1558.9660000000001,18835.705749,339.64300000000003,sample_15
gi|213512664|ref|NR_024483.1|,650,374.966,28590.728133999997,124.0,sample_15
gi|213512645|ref|NR_024482.1|,356,88.98299999999999,45665.186804000004,47.0,sample_15
gi|29029551|ref|NM_177405.1|,3071,2820.966,18833.353686000002,614.511,sample_15
gi|29029549|ref|NM_017424.2|,3947,3681.966,20792.1296,885.4889999999999,sample_15
gi|345525396|ref|NR_038398.2|,1915,1664.9660000000001,19939.832755,384.0,sample_15
gi|270132321|ref|NM_031413.3|,5760,5509.965999999999,17542.382999,1118.0,sample_15
gi|13899341|ref|NM_031481.1|,2087,1836.9660000000001,19578.881380000003,416.0,sample_15
gi|87159815|ref|NM_001039366.1|,1340,1089.9660000000001,21841.091153999998,275.35400000000004,sample_15
gi|87159817|ref|NM_001039367.1|,1316,1065.9660000000001,18533.555245,228.511,sample_15
gi|87159814|ref|NM_001696.3|,1406,1155.9660000000001,17436.461217,233.135,sample_15
gi|398707252|ref|NM_015367.3|,5132,4881.965999999999,20868.058559,1178.368,sample_15
gi|398775379|ref|NM_001270731.1|,5062,4811.965999999999,21958.059652,1222.14,sample_15
gi|398775908|ref|NM_001270734.1|,4918,4667.965999999999,16917.16399,913.3969999999999,sample_15
gi|398775088|ref|NM_001270729.1|,4975,4724.965999999999,19812.011805000002,1082.758,sample_15
gi|398775598|ref|NM_001270732.1|,4905,4654.965999999999,17381.586708000003,935.8589999999999,sample_15
gi|398777064|ref|NM_001270735.1|,4761,4510.965999999999,18253.696384,952.4119999999999,sample_15
gi|398774965|ref|NM_001270728.1|,4797,4546.965999999999,20124.826903999998,1058.42,sample_15
gi|398774578|ref|NM_001270726.1|,4961,4710.965999999999,11828.085361,644.509,sample_15
gi|398774790|ref|NM_001270727.1|,4817,4566.965999999999,25219.551231999998,1332.2,sample_15
gi|398775209|ref|NM_001270730.1|,4804,4553.965999999999,17144.769927,903.079,sample_15
gi|398776358|ref|NR_073068.1|,4730,4479.965999999999,13764.134578,713.227,sample_15
gi|398776655|ref|NR_073069.1|,4713,4462.965999999999,15668.157619,808.809,sample_15
gi|398774358|ref|NM_001270733.1|,4347,4096.965999999999,15274.446478999998,723.823,sample_15
gi|347300409|ref|NM_001244567.1|,2128,1861.9660000000001,16424.753382,353.73199999999997,sample_15
gi|347300417|ref|NM_001244570.1|,1936,1669.9660000000001,14586.906921000002,281.757,sample_15
gi|347300412|ref|NM_197967.2|,2147,1880.9660000000001,17889.620181000002,389.212,sample_15
gi|347300415|ref|NM_001244569.1|,2006,1739.9660000000001,22125.490994,445.285,sample_15
gi|347300411|ref|NM_001196.3|,2217,1950.9660000000001,30853.866338,696.247,sample_15
gi|347300422|ref|NM_001244572.1|,2254,1987.9660000000001,23589.844681,542.423,sample_15
gi|347300421|ref|NM_197966.2|,2535,2268.966,18493.360097,485.342,sample_15
gi|301171814|ref|NR_036168.1|,80,80.0,20533.327719999997,19.0,sample_15
gi|209862788|ref|NM_015241.2|,9471,9191.966,18099.327080000003,1924.31,sample_15
gi|170172517|ref|NM_001122731.1|,3384,3115.966,19535.49935,704.079,sample_15
gi|209862792|ref|NM_001136004.1|,8091,7822.965999999999,17379.825115,1572.61,sample_15
gi|424037187|ref|NR_073460.1|,725,475.176,48206.363816000005,268.994,sample_03
gi|424037186|ref|NR_073459.1|,746,474.176,1.0796629999999998,0.006,sample_03
gi|209977002|ref|NM_001136213.1|,2037,1787.1760000000002,19249.992614,404.0,sample_03
gi|52546690|ref|NM_001005239.1|,981,731.176,19682.541838999998,169.0,sample_03
gi|51093856|ref|NM_014406.4|,2065,1801.1760000000002,21180.606356,448.0,sample_03
gi|40445391|ref|NR_001591.1|,1483,1179.1760000000002,20292.90264,281.0,sample_03
gi|338970360|ref|NR_040115.1|,1539,1289.1760000000002,19948.545009,302.0,sample_03
gi|103471990|ref|NM_175878.3|,1700,1429.1760000000002,18173.167518000002,305.0,sample_03
gi|151301122|ref|NR_003607.1|,1381,1131.1760000000002,19121.41434,254.0,sample_03
gi|83716020|ref|NM_001037814.1|,2630,2380.176,19212.406205000003,537.0,sample_03
gi|168229201|ref|NR_015352.1|,2726,2476.176,18536.332197,539.0,sample_03
gi|411147377|ref|NM_014339.6|,8608,8358.176,18196.444340000002,1786.0,sample_03
gi|251823729|ref|NM_001163079.1|,3979,3711.176,15473.841378000001,674.362,sample_03
gi|251823728|ref|NM_031890.3|,5043,4775.1759999999995,19859.632885,1113.638,sample_03
gi|51093854|ref|NM_017829.5|,1734,1484.1760000000002,20483.345278999997,357.001,sample_03
gi|51093855|ref|NM_033070.2|,1809,1559.1760000000002,19880.221596,363.999,sample_03
gi|213512664|ref|NR_024483.1|,650,375.176,27464.173646,121.0,sample_03
gi|213512645|ref|NR_024482.1|,356,89.185,59199.063448,62.0,sample_03
gi|29029551|ref|NM_177405.1|,3071,2821.176,18034.895889,597.485,sample_03
gi|29029549|ref|NM_017424.2|,3947,3682.176,19276.370303,833.515,sample_03
gi|345525396|ref|NR_038398.2|,1915,1665.1760000000002,20864.911165,408.0,sample_03
gi|270132321|ref|NM_031413.3|,5760,5510.1759999999995,17834.334976,1154.0,sample_03
gi|13899341|ref|NM_031481.1|,2087,1837.1760000000002,20023.938902,432.0,sample_03
gi|87159815|ref|NM_001039366.1|,1340,1090.1760000000002,19525.374480000002,249.965,sample_03
gi|87159817|ref|NM_001039367.1|,1316,1066.1760000000002,18113.490774,226.785,sample_03
gi|87159814|ref|NM_001696.3|,1406,1156.1760000000002,25428.797326,345.25,sample_03
gi|398707252|ref|NM_015367.3|,5132,4882.1759999999995,12334.531099,707.163,sample_03
gi|398775379|ref|NM_001270731.1|,5062,4812.1759999999995,20374.650061,1151.37,sample_03
gi|398775908|ref|NM_001270734.1|,4918,4668.1759999999995,19676.695039,1078.656,sample_03
gi|398775088|ref|NM_001270729.1|,4975,4725.1759999999995,16153.230406,896.315,sample_03
gi|398775598|ref|NM_001270732.1|,4905,4655.1759999999995,16783.855794,917.5110000000001,sample_03
gi|398777064|ref|NM_001270735.1|,4761,4511.1759999999995,16508.573682,874.546,sample_03
gi|398774965|ref|NM_001270728.1|,4797,4547.1759999999995,20727.825325,1106.825,sample_03
gi|398774578|ref|NM_001270726.1|,4961,4711.1759999999995,26387.899287,1459.881,sample_03
gi|398774790|ref|NM_001270727.1|,4817,4567.1759999999995,14252.807776,764.419,sample_03
gi|398775209|ref|NM_001270730.1|,4804,4554.1759999999995,15313.296663999998,818.959,sample_03
gi|398776358|ref|NR_073068.1|,4730,4480.1759999999995,16565.245257,871.518,sample_03
gi|398776655|ref|NR_073069.1|,4713,4463.1759999999995,15484.914841,811.5889999999999,sample_03
gi|398774358|ref|NM_001270733.1|,4347,4097.1759999999995,20893.194521,1005.247,sample_03
gi|347300409|ref|NM_001244567.1|,2128,1862.1760000000002,15198.621001,332.36,sample_03
gi|347300417|ref|NM_001244570.1|,1936,1670.1760000000002,24013.545844,470.98,sample_03
gi|347300412|ref|NM_197967.2|,2147,1881.1760000000002,19691.621648,435.005,sample_03
gi|347300415|ref|NM_001244569.1|,2006,1740.1760000000002,17327.449988,354.088,sample_03
gi|347300411|ref|NM_001196.3|,2217,1951.1760000000002,17717.963853999998,405.97,sample_03
gi|347300422|ref|NM_001244572.1|,2254,1988.1760000000002,15235.830745,355.717,sample_03
gi|347300421|ref|NM_197966.2|,2535,2269.176,25476.629125,678.8810000000001,sample_03
gi|301171814|ref|NR_036168.1|,80,80.0,15966.799819999998,15.0,sample_03
gi|209862788|ref|NM_015241.2|,9471,9192.176,17598.931146000003,1899.713,sample_03
gi|170172517|ref|NM_001122731.1|,3384,3116.176,19802.788855000003,724.6560000000001,sample_03
gi|209862792|ref|NM_001136004.1|,8091,7823.1759999999995,17248.909638999998,1584.631,sample_03
gi|424037187|ref|NR_073460.1|,725,475.509,62996.77905599999,368.0,sample_07
gi|424037186|ref|NR_073459.1|,746,474.509,0.004731,0.0,sample_07
gi|209977002|ref|NM_001136213.1|,2037,1787.509,21494.277309999998,472.0,sample_07
gi|52546690|ref|NM_001005239.1|,981,731.5089999999999,20697.718148,186.0,sample_07
gi|51093856|ref|NM_014406.4|,2065,1801.509,18435.410503,408.0,sample_07
gi|40445391|ref|NR_001591.1|,1483,1179.509,18633.37959,270.0,sample_07
gi|338970360|ref|NR_040115.1|,1539,1289.509,14203.234472999999,225.0,sample_07
gi|103471990|ref|NM_175878.3|,1700,1429.509,16627.427508,292.0,sample_07
gi|151301122|ref|NR_003607.1|,1381,1131.509,19279.950409,268.0,sample_07
gi|83716020|ref|NM_001037814.1|,2630,2380.509,17747.067328,519.0,sample_07
gi|168229201|ref|NR_015352.1|,2726,2476.509,16993.377182,517.0,sample_07
gi|411147377|ref|NM_014339.6|,8608,8358.509,18406.110074,1890.0,sample_07
gi|251823729|ref|NM_001163079.1|,3979,3711.509,15600.329694,711.304,sample_07
gi|251823728|ref|NM_031890.3|,5043,4775.509,19102.80722,1120.6960000000001,sample_07
gi|51093854|ref|NM_017829.5|,1734,1484.509,16692.848311,304.428,sample_07
gi|51093855|ref|NM_033070.2|,1809,1559.509,16523.959079,316.572,sample_07
gi|213512664|ref|NR_024483.1|,650,375.509,38369.160213,177.0,sample_07
gi|213512645|ref|NR_024482.1|,356,89.51100000000001,81845.25496399999,90.0,sample_07
gi|29029551|ref|NM_177405.1|,3071,2821.509,17224.535271,597.035,sample_07
gi|29029549|ref|NM_017424.2|,3947,3682.509,14964.125897,676.965,sample_07
gi|345525396|ref|NR_038398.2|,1915,1665.509,19989.660398,409.0,sample_07
gi|270132321|ref|NM_031413.3|,5760,5510.509,16780.915444,1136.0,sample_07
gi|13899341|ref|NM_031481.1|,2087,1837.509,17675.532436,399.0,sample_07
gi|87159815|ref|NM_001039366.1|,1340,1090.509,19310.901724,258.704,sample_07
gi|87159817|ref|NM_001039367.1|,1316,1066.509,22334.054041,292.619,sample_07
gi|87159814|ref|NM_001696.3|,1406,1156.509,17080.820043,242.67700000000002,sample_07
gi|398707252|ref|NM_015367.3|,5132,4882.509,12735.194924,763.87,sample_07
gi|398775379|ref|NM_001270731.1|,5062,4812.509,18795.409071000002,1111.205,sample_07
gi|398775908|ref|NM_001270734.1|,4918,4668.509,16309.150066999999,935.3639999999999,sample_07
gi|398775088|ref|NM_001270729.1|,4975,4725.509,14864.12825,862.8969999999999,sample_07
gi|398775598|ref|NM_001270732.1|,4905,4655.509,18153.177924,1038.223,sample_07
gi|398777064|ref|NM_001270735.1|,4761,4511.509,14924.80245,827.183,sample_07
gi|398774965|ref|NM_001270728.1|,4797,4547.509,14928.058691,833.965,sample_07
gi|398774578|ref|NM_001270726.1|,4961,4711.509,18179.657606,1052.245,sample_07
gi|398774790|ref|NM_001270727.1|,4817,4567.509,18223.019061000003,1022.5169999999999,sample_07
gi|398775209|ref|NM_001270730.1|,4804,4554.509,20469.740961000003,1145.315,sample_07
gi|398776358|ref|NR_073068.1|,4730,4480.509,20275.006047,1115.987,sample_07
gi|398776655|ref|NR_073069.1|,4713,4463.509,20928.747373,1147.6,sample_07
gi|398774358|ref|NM_001270733.1|,4347,4097.509,11733.386792,590.628,sample_07
gi|347300409|ref|NM_001244567.1|,2128,1862.509,23167.282800999998,530.0840000000001,sample_07
gi|347300417|ref|NM_001244570.1|,1936,1670.509,18847.893294999998,386.79699999999997,sample_07
gi|347300412|ref|NM_197967.2|,2147,1881.509,21987.849268,508.23,sample_07
gi|347300415|ref|NM_001244569.1|,2006,1740.509,14550.974413999998,311.128,sample_07
gi|347300411|ref|NM_001196.3|,2217,1951.509,12216.114610999999,292.87,sample_07
gi|347300422|ref|NM_001244572.1|,2254,1988.509,14555.202218999999,355.56300000000005,sample_07
gi|347300421|ref|NM_197966.2|,2535,2269.509,19702.885984,549.3290000000001,sample_07
gi|301171814|ref|NR_036168.1|,80,80.0,23402.748076,23.0,sample_07
gi|209862788|ref|NM_015241.2|,9471,9192.509,15337.220116,1732.015,sample_07
gi|170172517|ref|NM_001122731.1|,3384,3116.509,20519.604134,785.612,sample_07
gi|209862792|ref|NM_001136004.1|,8091,7823.509,16183.104818000002,1555.372,sample_07
gi|424037187|ref|NR_073460.1|,725,475.425,49643.858102,271.0,sample_14
gi|424037186|ref|NR_073459.1|,746,474.425,0.013544999999999998,0.0,sample_14
gi|209977002|ref|NM_001136213.1|,2037,1787.425,20123.364006,413.0,sample_14
gi|52546690|ref|NM_001005239.1|,981,731.425,24409.69903,205.0,sample_14
gi|51093856|ref|NM_014406.4|,2065,1801.425,18758.318236000003,388.0,sample_14
gi|40445391|ref|NR_001591.1|,1483,1179.425,22226.676442,301.0,sample_14
gi|338970360|ref|NR_040115.1|,1539,1289.425,19925.273452,295.0,sample_14
gi|103471990|ref|NM_175878.3|,1700,1429.425,23640.067504,388.0,sample_14
gi|151301122|ref|NR_003607.1|,1381,1131.425,16780.661780000002,218.0,sample_14
gi|83716020|ref|NM_001037814.1|,2630,2380.425,18329.962723,501.0,sample_14
gi|168229201|ref|NR_015352.1|,2726,2476.425,18252.423491999998,519.0,sample_14
gi|411147377|ref|NM_014339.6|,8608,8358.425,18369.87577,1763.0,sample_14
gi|251823729|ref|NM_001163079.1|,3979,3711.425,20572.794727,876.709,sample_14
gi|251823728|ref|NM_031890.3|,5043,4775.425,19555.947363,1072.2910000000002,sample_14
gi|51093854|ref|NM_017829.5|,1734,1484.425,24789.935891999998,422.528,sample_14
gi|51093855|ref|NM_033070.2|,1809,1559.425,20857.97441,373.472,sample_14
gi|213512664|ref|NR_024483.1|,650,375.425,25286.090024,109.0,sample_14
gi|213512645|ref|NR_024482.1|,356,89.454,31155.15345,32.0,sample_14
gi|29029551|ref|NM_177405.1|,3071,2821.425,18188.519604,589.234,sample_14
gi|29029549|ref|NM_017424.2|,3947,3682.425,16881.092393,713.7660000000001,sample_14
gi|345525396|ref|NR_038398.2|,1915,1665.425,20447.020734,391.0,sample_14
gi|270132321|ref|NM_031413.3|,5760,5510.425,17970.233744999998,1137.0,sample_14
gi|13899341|ref|NM_031481.1|,2087,1837.425,20760.740917,438.0,sample_14
gi|87159815|ref|NM_001039366.1|,1340,1090.425,22989.651027,287.839,sample_14
gi|87159817|ref|NM_001039367.1|,1316,1066.425,21019.071409,257.374,sample_14
gi|87159814|ref|NM_001696.3|,1406,1156.425,18811.770836,249.78599999999997,sample_14
gi|398707252|ref|NM_015367.3|,5132,4882.425,19820.841471,1111.167,sample_14
gi|398775379|ref|NM_001270731.1|,5062,4812.425,18212.455308,1006.362,sample_14
gi|398775908|ref|NM_001270734.1|,4918,4668.425,16192.062603999999,867.949,sample_14
gi|398775088|ref|NM_001270729.1|,4975,4725.425,15454.173087000001,838.51,sample_14
gi|398775598|ref|NM_001270732.1|,4905,4655.425,19832.415854,1060.124,sample_14
gi|398777064|ref|NM_001270735.1|,4761,4511.425,21722.115725,1125.22,sample_14
gi|398774965|ref|NM_001270728.1|,4797,4547.425,16696.354792,871.784,sample_14
gi|398774578|ref|NM_001270726.1|,4961,4711.425,17997.405629,973.607,sample_14
gi|398774790|ref|NM_001270727.1|,4817,4567.425,17967.755658000002,942.295,sample_14
gi|398775209|ref|NM_001270730.1|,4804,4554.425,22028.597887,1151.972,sample_14
gi|398776358|ref|NR_073068.1|,4730,4480.425,16719.713571,860.1410000000001,sample_14
gi|398776655|ref|NR_073069.1|,4713,4463.425,17630.738002000002,903.567,sample_14
gi|398774358|ref|NM_001270733.1|,4347,4097.425,20730.331827,975.302,sample_14
gi|347300409|ref|NM_001244567.1|,2128,1862.425,25701.304589,549.611,sample_14
gi|347300417|ref|NM_001244570.1|,1936,1670.425,18835.8889,361.272,sample_14
gi|347300412|ref|NM_197967.2|,2147,1881.425,13889.199224000002,300.045,sample_14
gi|347300415|ref|NM_001244569.1|,2006,1740.425,27611.682812,551.785,sample_14
gi|347300411|ref|NM_001196.3|,2217,1951.425,19941.461438,446.81800000000004,sample_14
gi|347300422|ref|NM_001244572.1|,2254,1988.425,19098.996886,436.055,sample_14
gi|347300421|ref|NM_197966.2|,2535,2269.425,17361.950414,452.414,sample_14
gi|301171814|ref|NR_036168.1|,80,80.0,10886.502314,10.0,sample_14
gi|209862788|ref|NM_015241.2|,9471,9192.425,18132.794585,1913.888,sample_14
gi|170172517|ref|NM_001122731.1|,3384,3116.425,20842.460607,745.808,sample_14
gi|209862792|ref|NM_001136004.1|,8091,7823.425,16946.606197999998,1522.3039999999999,sample_14
gi|424037187|ref|NR_073460.1|,725,475.17699999999996,43477.720233,246.0,sample_02
gi|209977002|ref|NM_001136213.1|,2037,1787.1770000000001,20394.318292,434.0,sample_02
gi|52546690|ref|NM_001005239.1|,981,731.177,19411.148532,169.0,sample_02
gi|51093856|ref|NM_014406.4|,2065,1801.1770000000001,18044.364961000003,387.0,sample_02
gi|40445391|ref|NR_001591.1|,1483,1179.177,18588.679731,261.0,sample_02
gi|338970360|ref|NR_040115.1|,1539,1289.177,17198.018571,264.0,sample_02
gi|103471990|ref|NM_175878.3|,1700,1429.1770000000001,20566.910563999998,350.0,sample_02
gi|151301122|ref|NR_003607.1|,1381,1131.177,20342.626943,274.0,sample_02
gi|83716020|ref|NM_001037814.1|,2630,2380.177,20076.594111000002,569.0,sample_02
gi|168229201|ref|NR_015352.1|,2726,2476.177,19806.976584,584.0,sample_02
gi|411147377|ref|NM_014339.6|,8608,8358.177,17413.016768,1733.0,sample_02
gi|251823729|ref|NM_001163079.1|,3979,3711.177,16227.342256999998,717.087,sample_02
gi|251823728|ref|NM_031890.3|,5043,4775.177,17779.158144999998,1010.913,sample_02
gi|51093854|ref|NM_017829.5|,1734,1484.1770000000001,21371.391513,377.68699999999995,sample_02
gi|51093855|ref|NM_033070.2|,1809,1559.1770000000001,18330.351239,340.31300000000005,sample_02
gi|213512664|ref|NR_024483.1|,650,375.17699999999996,26637.768272999998,119.0,sample_02
gi|213512645|ref|NR_024482.1|,356,89.221,71537.135629,76.0,sample_02
gi|29029551|ref|NM_177405.1|,3071,2821.177,17317.784748,581.749,sample_02
gi|29029549|ref|NM_017424.2|,3947,3682.177,16700.994563999997,732.2510000000001,sample_02
gi|345525396|ref|NR_038398.2|,1915,1665.1770000000001,18105.939969,359.0,sample_02
gi|270132321|ref|NM_031413.3|,5760,5510.177,16491.066085,1082.0,sample_02
gi|13899341|ref|NM_031481.1|,2087,1837.1770000000001,18285.04449,400.0,sample_02
gi|87159815|ref|NM_001039366.1|,1340,1090.177,22096.01823,286.83,sample_02
gi|87159817|ref|NM_001039367.1|,1316,1066.177,25412.52251,322.619,sample_02
gi|87159814|ref|NM_001696.3|,1406,1156.177,21686.111294,298.551,sample_02
gi|398707252|ref|NM_015367.3|,5132,4882.177,19993.827531,1162.3110000000001,sample_02
gi|398775379|ref|NM_001270731.1|,5062,4812.177,19515.68695,1118.249,sample_02
gi|398775908|ref|NM_001270734.1|,4918,4668.177,15726.006224,874.135,sample_02
gi|398775088|ref|NM_001270729.1|,4975,4725.177,19431.079988999998,1093.271,sample_02
gi|398775598|ref|NM_001270732.1|,4905,4655.177,17195.269712999998,953.143,sample_02
gi|398777064|ref|NM_001270735.1|,4761,4511.177,17749.053721,953.4060000000001,sample_02
gi|398774965|ref|NM_001270728.1|,4797,4547.177,10532.920386,570.3,sample_02
gi|398774578|ref|NM_001270726.1|,4961,4711.177,11778.128595999999,660.722,sample_02
gi|398774790|ref|NM_001270727.1|,4817,4567.177,17311.942023,941.47,sample_02
gi|398775209|ref|NM_001270730.1|,4804,4554.177,19529.140862,1059.025,sample_02
gi|398776358|ref|NR_073068.1|,4730,4480.177,16310.315585,870.1030000000001,sample_02
gi|398776655|ref|NR_073069.1|,4713,4463.177,17492.147721,929.6089999999999,sample_02
gi|398774358|ref|NM_001270733.1|,4347,4097.177,20543.788115,1002.255,sample_02
gi|347300409|ref|NM_001244567.1|,2128,1862.1770000000001,22072.340428,489.421,sample_02
gi|347300417|ref|NM_001244570.1|,1936,1670.1770000000001,14508.866826,288.54200000000003,sample_02
gi|347300412|ref|NM_197967.2|,2147,1881.1770000000001,18420.543247,412.615,sample_02
gi|347300415|ref|NM_001244569.1|,2006,1740.1770000000001,24341.335316,504.37199999999996,sample_02
gi|347300411|ref|NM_001196.3|,2217,1951.1770000000001,21677.949762,503.649,sample_02
gi|347300422|ref|NM_001244572.1|,2254,1988.1770000000001,17731.849963,419.78,sample_02
gi|347300421|ref|NM_197966.2|,2535,2269.177,21266.715753,574.621,sample_02
gi|301171814|ref|NR_036168.1|,80,80.0,22045.315788,21.0,sample_02
gi|209862788|ref|NM_015241.2|,9471,9192.177,17487.454086,1914.0710000000001,sample_02
gi|170172517|ref|NM_001122731.1|,3384,3116.177,16270.626555,603.725,sample_02
gi|209862792|ref|NM_001136004.1|,8091,7823.177,17768.690625,1655.204,sample_02
gi|424037187|ref|NR_073460.1|,725,475.298,58516.905529999996,329.99300000000005,sample_19
gi|424037186|ref|NR_073459.1|,746,474.298,1.18238,0.006999999999999999,sample_19
gi|209977002|ref|NM_001136213.1|,2037,1787.2979999999998,17117.965443,363.0,sample_19
gi|52546690|ref|NM_001005239.1|,981,731.298,22358.860127,194.0,sample_19
gi|51093856|ref|NM_014406.4|,2065,1801.2979999999998,19792.34676,423.0,sample_19
gi|40445391|ref|NR_001591.1|,1483,1179.298,19654.027485,275.0,sample_19
gi|338970360|ref|NR_040115.1|,1539,1289.298,21834.115369,334.0,sample_19
gi|103471990|ref|NM_175878.3|,1700,1429.2979999999998,21582.450758000003,366.0,sample_19
gi|151301122|ref|NR_003607.1|,1381,1131.298,18401.88674,247.0,sample_19
gi|83716020|ref|NM_001037814.1|,2630,2380.298,20784.964608000002,587.0,sample_19
gi|168229201|ref|NR_015352.1|,2726,2476.298,17358.404024,510.0,sample_19
gi|411147377|ref|NM_014339.6|,8608,8358.298,16608.038117,1647.0,sample_19
gi|251823729|ref|NM_001163079.1|,3979,3711.298,18897.04624,832.1030000000001,sample_19
gi|251823728|ref|NM_031890.3|,5043,4775.298,18936.513851,1072.897,sample_19
gi|51093854|ref|NM_017829.5|,1734,1484.2979999999998,16025.190221,282.216,sample_19
gi|51093855|ref|NM_033070.2|,1809,1559.2979999999998,21555.144311,398.784,sample_19
gi|213512664|ref|NR_024483.1|,650,375.298,28521.312374,127.0,sample_19
gi|213512645|ref|NR_024482.1|,356,89.304,61346.00814500001,65.0,sample_19
gi|29029551|ref|NM_177405.1|,3071,2821.298,18878.74161,631.945,sample_19
gi|29029549|ref|NM_017424.2|,3947,3682.298,16710.099558,730.055,sample_19
gi|345525396|ref|NR_038398.2|,1915,1665.2979999999998,16853.680390999998,333.0,sample_19
gi|270132321|ref|NM_031413.3|,5760,5510.298000000001,17513.501009,1145.0,sample_19
gi|13899341|ref|NM_031481.1|,2087,1837.2979999999998,17110.855451,373.0,sample_19
gi|87159815|ref|NM_001039366.1|,1340,1090.298,22269.008571000002,288.074,sample_19
gi|87159817|ref|NM_001039367.1|,1316,1066.298,21183.797465,268.003,sample_19
gi|87159814|ref|NM_001696.3|,1406,1156.298,24048.350306,329.923,sample_19
gi|398707252|ref|NM_015367.3|,5132,4882.298,20368.169315,1179.869,sample_19
gi|398775379|ref|NM_001270731.1|,5062,4812.298,18455.964550999997,1053.772,sample_19
gi|398775908|ref|NM_001270734.1|,4918,4668.298,17260.29505,956.0139999999999,sample_19
gi|398775088|ref|NM_001270729.1|,4975,4725.298,18282.571671,1025.0,sample_19
gi|398775598|ref|NM_001270732.1|,4905,4655.298,16918.928422,934.497,sample_19
gi|398777064|ref|NM_001270735.1|,4761,4511.298,14638.999643000001,783.557,sample_19
gi|398774965|ref|NM_001270728.1|,4797,4547.298,18680.931415,1007.8810000000001,sample_19
gi|398774578|ref|NM_001270726.1|,4961,4711.298,14722.489445,822.961,sample_19
gi|398774790|ref|NM_001270727.1|,4817,4567.298,17801.82345,964.676,sample_19
gi|398775209|ref|NM_001270730.1|,4804,4554.298,17249.627516,932.092,sample_19
gi|398776358|ref|NR_073068.1|,4730,4480.298,15092.859540000001,802.298,sample_19
gi|398776655|ref|NR_073069.1|,4713,4463.298,16429.246328999998,870.023,sample_19
gi|398774358|ref|NM_001270733.1|,4347,4097.298,18644.296396,906.3610000000001,sample_19
gi|347300409|ref|NM_001244567.1|,2128,1862.2979999999998,14391.211211000002,317.983,sample_19
gi|347300417|ref|NM_001244570.1|,1936,1670.2979999999998,22565.504516999998,447.195,sample_19
gi|347300412|ref|NM_197967.2|,2147,1881.2979999999998,19310.995927,431.042,sample_19
gi|347300415|ref|NM_001244569.1|,2006,1740.2979999999998,17166.882138999998,354.464,sample_19
gi|347300411|ref|NM_001196.3|,2217,1951.2979999999998,18414.551612,426.32599999999996,sample_19
gi|347300422|ref|NM_001244572.1|,2254,1988.2979999999998,19574.684308,461.779,sample_19
gi|347300421|ref|NM_197966.2|,2535,2269.298,19766.724430000002,532.211,sample_19
gi|301171814|ref|NR_036168.1|,80,80.0,17910.245756,17.0,sample_19
gi|209862788|ref|NM_015241.2|,9471,9192.298,17297.980013999997,1886.5870000000002,sample_19
gi|170172517|ref|NM_001122731.1|,3384,3116.298,17859.348239,660.332,sample_19
gi|209862792|ref|NM_001136004.1|,8091,7823.298000000001,17335.272259999998,1609.0810000000001,sample_19
gi|424037187|ref|NR_073460.1|,725,475.13599999999997,54599.0465,322.0,sample_18
gi|424037186|ref|NR_073459.1|,746,474.13599999999997,0.000669,0.0,sample_18
gi|209977002|ref|NM_001136213.1|,2037,1787.136,15372.481880000001,341.0,sample_18
gi|52546690|ref|NM_001005239.1|,981,731.1360000000001,29311.000166,266.0,sample_18
gi|51093856|ref|NM_014406.4|,2065,1801.136,15074.072806,337.0,sample_18
gi|40445391|ref|NR_001591.1|,1483,1179.136,25758.742019,377.0,sample_18
gi|338970360|ref|NR_040115.1|,1539,1289.136,17561.224125,281.0,sample_18
gi|103471990|ref|NM_175878.3|,1700,1429.136,20970.876712999998,372.0,sample_18
gi|151301122|ref|NR_003607.1|,1381,1131.136,22435.870544,315.0,sample_18
gi|83716020|ref|NM_001037814.1|,2630,2380.136,19293.912485,570.0,sample_18
gi|168229201|ref|NR_015352.1|,2726,2476.136,18968.862267,583.0,sample_18
gi|411147377|ref|NM_014339.6|,8608,8358.136,17552.854408000003,1821.0,sample_18
gi|251823729|ref|NM_001163079.1|,3979,3711.136,15547.320475999999,716.168,sample_18
gi|251823728|ref|NM_031890.3|,5043,4775.1359999999995,17223.268341,1020.832,sample_18
gi|51093854|ref|NM_017829.5|,1734,1484.136,14695.165465,270.70799999999997,sample_18
gi|51093855|ref|NM_033070.2|,1809,1559.136,19754.157117,382.292,sample_18
gi|213512664|ref|NR_024483.1|,650,375.13599999999997,20617.195453,96.0,sample_18
gi|213512645|ref|NR_024482.1|,356,89.152,88561.199413,98.0,sample_18
gi|29029551|ref|NM_177405.1|,3071,2821.136,19224.824082,673.192,sample_18
gi|29029549|ref|NM_017424.2|,3947,3682.136,18856.35517,861.808,sample_18
gi|345525396|ref|NR_038398.2|,1915,1665.136,15192.4267,314.0,sample_18
gi|270132321|ref|NM_031413.3|,5760,5510.1359999999995,17706.350623,1211.0,sample_18
gi|13899341|ref|NM_031481.1|,2087,1837.136,21005.90615,479.0,sample_18
gi|87159815|ref|NM_001039366.1|,1340,1090.136,18232.056700999998,246.7,sample_18
gi|87159817|ref|NM_001039367.1|,1316,1066.136,22254.783075,294.502,sample_18
gi|87159814|ref|NM_001696.3|,1406,1156.136,18382.694804,263.798,sample_18
gi|398707252|ref|NM_015367.3|,5132,4882.1359999999995,14979.164534,907.717,sample_18
gi|398775379|ref|NM_001270731.1|,5062,4812.1359999999995,14884.858009,889.069,sample_18
gi|398775908|ref|NM_001270734.1|,4918,4668.1359999999995,17150.704643,993.753,sample_18
gi|398775088|ref|NM_001270729.1|,4975,4725.1359999999995,14357.590893999999,842.071,sample_18
gi|398775598|ref|NM_001270732.1|,4905,4655.1359999999995,18170.1312,1049.889,sample_18
gi|398777064|ref|NM_001270735.1|,4761,4511.1359999999995,21602.02985,1209.576,sample_18
gi|398774965|ref|NM_001270728.1|,4797,4547.1359999999995,18059.688222999997,1019.298,sample_18
gi|398774578|ref|NM_001270726.1|,4961,4711.1359999999995,24745.460808,1447.0179999999998,sample_18
gi|398774790|ref|NM_001270727.1|,4817,4567.1359999999995,14332.872161000001,812.512,sample_18
gi|398775209|ref|NM_001270730.1|,4804,4554.1359999999995,13883.505962000001,784.798,sample_18
gi|398776358|ref|NR_073068.1|,4730,4480.1359999999995,16598.223428,923.008,sample_18
gi|398776655|ref|NR_073069.1|,4713,4463.1359999999995,16693.527275,924.785,sample_18
gi|398774358|ref|NM_001270733.1|,4347,4097.1359999999995,22623.306961000002,1150.507,sample_18
gi|347300409|ref|NM_001244567.1|,2128,1862.136,14217.284946000002,328.61,sample_18
gi|347300417|ref|NM_001244570.1|,1936,1670.136,15303.688391999998,317.249,sample_18
gi|347300412|ref|NM_197967.2|,2147,1881.136,16936.427822999998,395.45300000000003,sample_18
gi|347300415|ref|NM_001244569.1|,2006,1740.136,20803.195268,449.33099999999996,sample_18
gi|347300411|ref|NM_001196.3|,2217,1951.136,19143.834462,463.62800000000004,sample_18
gi|347300422|ref|NM_001244572.1|,2254,1988.136,17766.783172,438.43699999999995,sample_18
gi|347300421|ref|NM_197966.2|,2535,2269.136,23479.019362,661.2919999999999,sample_18
gi|301171814|ref|NR_036168.1|,80,80.0,12084.773192,12.0,sample_18
gi|209862788|ref|NM_015241.2|,9471,9192.136,16662.676441,1901.139,sample_18
gi|170172517|ref|NM_001122731.1|,3384,3116.136,15286.874672,591.273,sample_18
gi|209862792|ref|NM_001136004.1|,8091,7823.1359999999995,16081.730172999998,1561.588,sample_18
gi|424037187|ref|NR_073460.1|,725,474.869,48487.948061,279.0,sample_04
gi|209977002|ref|NM_001136213.1|,2037,1786.869,19629.081229,425.0,sample_04
gi|52546690|ref|NM_001005239.1|,981,730.8689999999999,24503.254668999998,217.0,sample_04
gi|51093856|ref|NM_014406.4|,2065,1800.869,19613.965376,428.0,sample_04
gi|40445391|ref|NR_001591.1|,1483,1178.869,18201.680827,260.0,sample_04
gi|338970360|ref|NR_040115.1|,1539,1288.869,19913.854089,311.0,sample_04
gi|103471990|ref|NM_175878.3|,1700,1428.869,20619.56639,357.0,sample_04
gi|151301122|ref|NR_003607.1|,1381,1130.869,22477.194502000002,308.0,sample_04
gi|83716020|ref|NM_001037814.1|,2630,2379.869,17338.867953,500.0,sample_04
gi|168229201|ref|NR_015352.1|,2726,2475.869,18199.890326,546.0,sample_04
gi|411147377|ref|NM_014339.6|,8608,8357.869,16914.752794,1713.0,sample_04
gi|251823729|ref|NM_001163079.1|,3979,3710.869,17750.707003,798.155,sample_04
gi|251823728|ref|NM_031890.3|,5043,4774.869000000001,18871.360003,1091.845,sample_04
gi|51093854|ref|NM_017829.5|,1734,1483.869,17712.953369,318.48,sample_04
gi|51093855|ref|NM_033070.2|,1809,1558.869,19351.057411,365.52,sample_04
gi|213512664|ref|NR_024483.1|,650,374.869,21354.799919,97.0,sample_04
gi|213512645|ref|NR_024482.1|,356,88.889,75203.82823099999,81.0,sample_04
gi|29029551|ref|NM_177405.1|,3071,2820.869,18350.492130000002,627.23,sample_04
gi|29029549|ref|NM_017424.2|,3947,3681.869,20616.489606,919.77,sample_04
gi|345525396|ref|NR_038398.2|,1915,1664.869,17547.972412,354.0,sample_04
gi|270132321|ref|NM_031413.3|,5760,5509.869000000001,18033.874872,1204.0,sample_04
gi|13899341|ref|NM_031481.1|,2087,1836.869,21565.861533000003,480.0,sample_04
gi|87159815|ref|NM_001039366.1|,1340,1089.869,19086.406425999998,252.055,sample_04
gi|87159817|ref|NM_001039367.1|,1316,1065.869,20211.480822,261.035,sample_04
gi|87159814|ref|NM_001696.3|,1406,1155.869,24483.63841,342.911,sample_04
gi|398707252|ref|NM_015367.3|,5132,4881.869000000001,17029.687815999998,1007.37,sample_04
gi|398775379|ref|NM_001270731.1|,5062,4811.869000000001,13662.630949,796.607,sample_04
gi|398775908|ref|NM_001270734.1|,4918,4667.869000000001,13251.567647,749.518,sample_04
gi|398775088|ref|NM_001270729.1|,4975,4724.869000000001,21367.687718,1223.33,sample_04
gi|398775598|ref|NM_001270732.1|,4905,4654.869000000001,17014.596818,959.677,sample_04
gi|398777064|ref|NM_001270735.1|,4761,4510.869000000001,18661.394497,1020.0010000000001,sample_04
gi|398774965|ref|NM_001270728.1|,4797,4546.869000000001,22358.016834000002,1231.805,sample_04
gi|398774578|ref|NM_001270726.1|,4961,4710.869000000001,17468.539042,997.135,sample_04
gi|398774790|ref|NM_001270727.1|,4817,4566.869000000001,19679.969397999997,1089.028,sample_04
gi|398775209|ref|NM_001270730.1|,4804,4553.869000000001,13605.545127000001,750.745,sample_04
gi|398776358|ref|NR_073068.1|,4730,4479.869000000001,17975.190839,975.742,sample_04
gi|398776655|ref|NR_073069.1|,4713,4462.869000000001,18739.70776,1013.382,sample_04
gi|398774358|ref|NM_001270733.1|,4347,4096.869000000001,18123.006277,899.66,sample_04
gi|347300409|ref|NM_001244567.1|,2128,1861.869,17606.82114,397.216,sample_04
gi|347300417|ref|NM_001244570.1|,1936,1669.869,25089.700133000002,507.661,sample_04
gi|347300412|ref|NM_197967.2|,2147,1880.869,22053.588539,502.61300000000006,sample_04
gi|347300415|ref|NM_001244569.1|,2006,1739.869,18495.769912,389.92900000000003,sample_04
gi|347300411|ref|NM_001196.3|,2217,1950.869,14185.900462,335.337,sample_04
gi|347300422|ref|NM_001244572.1|,2254,1987.869,18713.969423,450.765,sample_04
gi|347300421|ref|NM_197966.2|,2535,2268.869,16203.989825999999,445.47900000000004,sample_04
gi|301171814|ref|NR_036168.1|,80,80.0,10316.060745,10.0,sample_04
gi|209862788|ref|NM_015241.2|,9471,9191.869,17503.619124,1949.521,sample_04
gi|170172517|ref|NM_001122731.1|,3384,3115.869,16711.625844,630.9490000000001,sample_04
gi|209862792|ref|NM_001136004.1|,8091,7822.869000000001,18140.435767,1719.531,sample_04
gi|424037187|ref|NR_073460.1|,725,474.978,55760.109601,303.0,sample_11
gi|424037186|ref|NR_073459.1|,746,473.978,0.012925,0.0,sample_11
gi|209977002|ref|NM_001136213.1|,2037,1786.9779999999998,17951.53604,367.0,sample_11
gi|52546690|ref|NM_001005239.1|,981,730.9780000000001,24035.126828,201.0,sample_11
gi|51093856|ref|NM_014406.4|,2065,1800.9779999999998,16938.376291999997,349.0,sample_11
gi|40445391|ref|NR_001591.1|,1483,1178.978,20833.169321,281.0,sample_11
gi|338970360|ref|NR_040115.1|,1539,1288.978,18784.039678999998,277.0,sample_11
gi|103471990|ref|NM_175878.3|,1700,1428.9779999999998,21470.211131,351.0,sample_11
gi|151301122|ref|NR_003607.1|,1381,1130.978,19166.916224,248.0,sample_11
gi|83716020|ref|NM_001037814.1|,2630,2379.978,18289.893329,498.0,sample_11
gi|168229201|ref|NR_015352.1|,2726,2475.978,19028.158391999998,539.0,sample_11
gi|411147377|ref|NM_014339.6|,8608,8357.978000000001,17130.399035,1638.0,sample_11
gi|251823729|ref|NM_001163079.1|,3979,3710.978,18124.108891,769.467,sample_11
gi|251823728|ref|NM_031890.3|,5043,4774.978,17985.825163999998,982.533,sample_11
gi|51093854|ref|NM_017829.5|,1734,1483.9779999999998,20021.730511,339.918,sample_11
gi|51093855|ref|NM_033070.2|,1809,1558.9779999999998,21758.959038999998,388.082,sample_11
gi|213512664|ref|NR_024483.1|,650,374.978,21212.415569,91.0,sample_11
gi|213512645|ref|NR_024482.1|,356,89.0,57944.979214,59.0,sample_11
gi|29029551|ref|NM_177405.1|,3071,2820.978,17562.862631,566.814,sample_11
gi|29029549|ref|NM_017424.2|,3947,3681.978,18734.979379,789.186,sample_11
gi|345525396|ref|NR_038398.2|,1915,1664.9779999999998,17061.987283000002,325.0,sample_11
gi|270132321|ref|NM_031413.3|,5760,5509.978,17640.452506999998,1112.0,sample_11
gi|13899341|ref|NM_031481.1|,2087,1836.9779999999998,20270.310559999998,426.0,sample_11
gi|87159815|ref|NM_001039366.1|,1340,1089.978,19379.335142,241.658,sample_11
gi|87159817|ref|NM_001039367.1|,1316,1065.978,17418.354177,212.423,sample_11
gi|87159814|ref|NM_001696.3|,1406,1155.978,21770.857826,287.91900000000004,sample_11
gi|398707252|ref|NM_015367.3|,5132,4881.978,13641.999087999999,761.937,sample_11
gi|398775379|ref|NM_001270731.1|,5062,4811.978,22496.69498,1238.476,sample_11
gi|398775908|ref|NM_001270734.1|,4918,4667.978,13904.755914,742.57,sample_11
gi|398775088|ref|NM_001270729.1|,4975,4724.978,19308.743287,1043.756,sample_11
gi|398775598|ref|NM_001270732.1|,4905,4654.978,14814.631099,788.9580000000001,sample_11
gi|398777064|ref|NM_001270735.1|,4761,4510.978,18741.502279,967.209,sample_11
gi|398774965|ref|NM_001270728.1|,4797,4546.978,20929.989416,1088.772,sample_11
gi|398774578|ref|NM_001270726.1|,4961,4710.978,17792.458522,958.942,sample_11
gi|398774790|ref|NM_001270727.1|,4817,4566.978,20191.831305,1054.994,sample_11
gi|398775209|ref|NM_001270730.1|,4804,4553.978,23509.64849,1224.848,sample_11
gi|398776358|ref|NR_073068.1|,4730,4479.978,15112.159347,774.547,sample_11
gi|398776655|ref|NR_073069.1|,4713,4462.978,19369.934725,989.0039999999999,sample_11
gi|398774358|ref|NM_001270733.1|,4347,4096.978,16214.284013999999,759.988,sample_11
gi|347300409|ref|NM_001244567.1|,2128,1861.9779999999998,19098.954724,406.845,sample_11
gi|347300417|ref|NM_001244570.1|,1936,1669.9779999999998,24351.294588999997,465.241,sample_11
gi|347300412|ref|NM_197967.2|,2147,1880.9779999999998,18058.11536,388.599,sample_11
gi|347300415|ref|NM_001244569.1|,2006,1739.9779999999998,24321.292894,484.145,sample_11
gi|347300411|ref|NM_001196.3|,2217,1950.9779999999998,21703.397018,484.42400000000004,sample_11
gi|347300422|ref|NM_001244572.1|,2254,1987.9779999999998,18421.780471000002,418.975,sample_11
gi|347300421|ref|NM_197966.2|,2535,2268.978,21101.981906999998,547.771,sample_11
gi|301171814|ref|NR_036168.1|,80,80.0,6555.654883,6.0,sample_11
gi|209862788|ref|NM_015241.2|,9471,9191.978000000001,18430.406057,1938.158,sample_11
gi|170172517|ref|NM_001122731.1|,3384,3115.978,19685.87245,701.7689999999999,sample_11
gi|209862792|ref|NM_001136004.1|,8091,7822.978,15967.510492,1429.0729999999999,sample_11
gi|424037187|ref|NR_073460.1|,725,475.204,61341.60249299999,355.995,sample_09
gi|424037186|ref|NR_073459.1|,746,474.204,0.8722549999999999,0.005,sample_09
gi|209977002|ref|NM_001136213.1|,2037,1787.204,19242.726989,420.0,sample_09
gi|52546690|ref|NM_001005239.1|,981,731.204,26204.067499,234.0,sample_09
gi|51093856|ref|NM_014406.4|,2065,1801.204,20593.338354,453.0,sample_09
gi|40445391|ref|NR_001591.1|,1483,1179.204,20276.143084,292.0,sample_09
gi|338970360|ref|NR_040115.1|,1539,1289.204,21277.20639,335.0,sample_09
gi|103471990|ref|NM_175878.3|,1700,1429.204,19937.764812999998,348.0,sample_09
gi|151301122|ref|NR_003607.1|,1381,1131.204,17517.247711,242.0,sample_09
gi|83716020|ref|NM_001037814.1|,2630,2380.2039999999997,18198.389447,529.0,sample_09
gi|168229201|ref|NR_015352.1|,2726,2476.2039999999997,16401.619027,496.0,sample_09
gi|411147377|ref|NM_014339.6|,8608,8358.204,14822.362877000001,1513.0,sample_09
gi|251823729|ref|NM_001163079.1|,3979,3711.204,16581.575773,751.535,sample_09
gi|251823728|ref|NM_031890.3|,5043,4775.204000000001,18098.534971,1055.465,sample_09
gi|51093854|ref|NM_017829.5|,1734,1484.204,16634.719205,301.52099999999996,sample_09
gi|51093855|ref|NM_033070.2|,1809,1559.204,16515.058066999998,314.47900000000004,sample_09
gi|213512664|ref|NR_024483.1|,650,375.204,28877.853913,132.325,sample_09
gi|213512645|ref|NR_024482.1|,356,89.21700000000001,60276.19955,65.675,sample_09
gi|29029551|ref|NM_177405.1|,3071,2821.204,19582.447291,674.699,sample_09
gi|29029549|ref|NM_017424.2|,3947,3682.204,17729.888305,797.301,sample_09
gi|345525396|ref|NR_038398.2|,1915,1665.204,23406.202639,476.0,sample_09
gi|270132321|ref|NM_031413.3|,5760,5510.204000000001,16851.433603999998,1134.0,sample_09
gi|13899341|ref|NM_031481.1|,2087,1837.204,19877.828205,446.0,sample_09
gi|87159815|ref|NM_001039366.1|,1340,1090.204,14479.613661000001,192.785,sample_09
gi|87159817|ref|NM_001039367.1|,1316,1066.204,19098.241612,248.68099999999998,sample_09
gi|87159814|ref|NM_001696.3|,1406,1156.204,22417.003951,316.534,sample_09
gi|398707252|ref|NM_015367.3|,5132,4882.204000000001,15366.054642,916.193,sample_09
gi|398775379|ref|NM_001270731.1|,5062,4812.204000000001,19530.299241999997,1147.787,sample_09
gi|398775908|ref|NM_001270734.1|,4918,4668.204000000001,13602.83165,775.51,sample_09
gi|398775088|ref|NM_001270729.1|,4975,4725.204000000001,22401.372209,1292.718,sample_09
gi|398775598|ref|NM_001270732.1|,4905,4655.204000000001,17227.519274000002,979.422,sample_09
gi|398777064|ref|NM_001270735.1|,4761,4511.204000000001,14417.059434,794.2869999999999,sample_09
gi|398774965|ref|NM_001270728.1|,4797,4547.204000000001,17809.412303999998,989.0139999999999,sample_09
gi|398774578|ref|NM_001270726.1|,4961,4711.204000000001,19076.86181,1097.608,sample_09
gi|398774790|ref|NM_001270727.1|,4817,4567.204000000001,16043.100731,894.8439999999999,sample_09
gi|398775209|ref|NM_001270730.1|,4804,4554.204000000001,16707.671972,929.2589999999999,sample_09
gi|398776358|ref|NR_073068.1|,4730,4480.204000000001,12872.327960999999,704.309,sample_09
gi|398776655|ref|NR_073069.1|,4713,4463.204000000001,19108.469586000003,1041.553,sample_09
gi|398774358|ref|NM_001270733.1|,4347,4097.204000000001,19135.515298,957.4939999999999,sample_09
gi|347300409|ref|NM_001244567.1|,2128,1862.204,19654.77164,446.996,sample_09
gi|347300417|ref|NM_001244570.1|,1936,1670.204,15658.639522,319.39799999999997,sample_09
gi|347300412|ref|NM_197967.2|,2147,1881.204,26503.6057,608.905,sample_09
gi|347300415|ref|NM_001244569.1|,2006,1740.204,18297.475521,388.866,sample_09
gi|347300411|ref|NM_001196.3|,2217,1951.204,16326.324022,389.045,sample_09
gi|347300422|ref|NM_001244572.1|,2254,1988.204,16331.87484,396.55699999999996,sample_09
gi|347300421|ref|NM_197966.2|,2535,2269.2039999999997,16065.924149,445.233,sample_09
gi|301171814|ref|NR_036168.1|,80,80.0,27635.368754000003,27.0,sample_09
gi|209862788|ref|NM_015241.2|,9471,9192.204,16707.108550999998,1875.5539999999999,sample_09
gi|170172517|ref|NM_001122731.1|,3384,3116.204,20847.173048,793.3810000000001,sample_09
gi|209862792|ref|NM_001136004.1|,8091,7823.204000000001,16433.296452000002,1570.066,sample_09
gi|424037187|ref|NR_073460.1|,725,475.47,55562.84262,316.0,sample_12
gi|209977002|ref|NM_001136213.1|,2037,1787.47,23151.914240000002,495.0,sample_12
gi|52546690|ref|NM_001005239.1|,981,731.47,23430.298604,205.0,sample_12
gi|51093856|ref|NM_014406.4|,2065,1801.47,18052.736149,389.0,sample_12
gi|40445391|ref|NR_001591.1|,1483,1179.47,20130.377241,284.0,sample_12
gi|338970360|ref|NR_040115.1|,1539,1289.47,19904.331873,307.0,sample_12
gi|103471990|ref|NM_175878.3|,1700,1429.47,20118.883104,344.0,sample_12
gi|151301122|ref|NR_003607.1|,1381,1131.47,22757.688371,308.0,sample_12
gi|83716020|ref|NM_001037814.1|,2630,2380.47,20299.511696,578.0,sample_12
gi|168229201|ref|NR_015352.1|,2726,2476.47,16001.685682,474.0,sample_12
gi|411147377|ref|NM_014339.6|,8608,8358.47,17923.865547999998,1792.0,sample_12
gi|251823729|ref|NM_001163079.1|,3979,3711.47,21583.499112,958.181,sample_12
gi|251823728|ref|NM_031890.3|,5043,4775.47,15420.243885,880.819,sample_12
gi|51093854|ref|NM_017829.5|,1734,1484.47,16230.852416,288.199,sample_12
gi|51093855|ref|NM_033070.2|,1809,1559.47,20789.905091,387.801,sample_12
gi|213512664|ref|NR_024483.1|,650,375.47,27164.711145999998,122.0,sample_12
gi|213512645|ref|NR_024482.1|,356,89.477,40176.862539999995,43.0,sample_12
gi|29029551|ref|NM_177405.1|,3071,2821.47,22146.325665,747.4060000000001,sample_12
gi|29029549|ref|NM_017424.2|,3947,3682.47,18788.77697,827.5939999999999,sample_12
gi|345525396|ref|NR_038398.2|,1915,1665.47,20279.863116,404.0,sample_12
gi|270132321|ref|NM_031413.3|,5760,5510.47,17583.902009,1159.0,sample_12
gi|13899341|ref|NM_031481.1|,2087,1837.47,15014.613253,330.0,sample_12
gi|87159815|ref|NM_001039366.1|,1340,1090.47,23576.397825,307.518,sample_12
gi|87159817|ref|NM_001039367.1|,1316,1066.47,24397.703685,311.22700000000003,sample_12
gi|87159814|ref|NM_001696.3|,1406,1156.47,21850.409669,302.255,sample_12
gi|398707252|ref|NM_015367.3|,5132,4882.47,18280.815319999998,1067.615,sample_12
gi|398775379|ref|NM_001270731.1|,5062,4812.47,17294.078801,995.5089999999999,sample_12
gi|398775908|ref|NM_001270734.1|,4918,4668.47,19916.856351,1112.18,sample_12
gi|398775088|ref|NM_001270729.1|,4975,4725.47,19024.81709,1075.338,sample_12
gi|398775598|ref|NM_001270732.1|,4905,4655.47,20267.249918999998,1128.594,sample_12
gi|398777064|ref|NM_001270735.1|,4761,4511.47,17931.553197999998,967.6439999999999,sample_12
gi|398774965|ref|NM_001270728.1|,4797,4547.47,20762.734105,1129.364,sample_12
gi|398774578|ref|NM_001270726.1|,4961,4711.47,18091.415859,1019.55,sample_12
gi|398774790|ref|NM_001270727.1|,4817,4567.47,17366.247684,948.7710000000001,sample_12
gi|398775209|ref|NM_001270730.1|,4804,4554.47,12497.522772,680.834,sample_12
gi|398776358|ref|NR_073068.1|,4730,4480.47,16933.944686000003,907.5310000000001,sample_12
gi|398776655|ref|NR_073069.1|,4713,4463.47,17842.372834,952.587,sample_12
gi|398774358|ref|NM_001270733.1|,4347,4097.47,18026.166259,883.4839999999999,sample_12
gi|347300409|ref|NM_001244567.1|,2128,1862.47,21251.59907,473.435,sample_12
gi|347300417|ref|NM_001244570.1|,1936,1670.47,18918.6418,378.014,sample_12
gi|347300412|ref|NM_197967.2|,2147,1881.47,10015.694040999999,225.40200000000002,sample_12
gi|347300415|ref|NM_001244569.1|,2006,1740.47,20807.383438,433.175,sample_12
gi|347300411|ref|NM_001196.3|,2217,1951.47,18554.417125,433.101,sample_12
gi|347300422|ref|NM_001244572.1|,2254,1988.47,16658.944137000002,396.22900000000004,sample_12
gi|347300421|ref|NM_197966.2|,2535,2269.47,18111.184561000002,491.644,sample_12
gi|301171814|ref|NR_036168.1|,80,80.0,29260.955424,28.0,sample_12
gi|209862788|ref|NM_015241.2|,9471,9192.47,15204.078317,1671.7520000000002,sample_12
gi|170172517|ref|NM_001122731.1|,3384,3116.47,17754.706204,661.845,sample_12
gi|209862792|ref|NM_001136004.1|,8091,7823.47,16888.419495,1580.4029999999998,sample_12
gi|424037187|ref|NR_073460.1|,725,475.264,20775.500548,120.65700000000001,sample_10
gi|424037186|ref|NR_073459.1|,746,474.264,26804.177303,155.343,sample_10
gi|209977002|ref|NM_001136213.1|,2037,1787.264,18818.527716,411.0,sample_10
gi|52546690|ref|NM_001005239.1|,981,731.2639999999999,26410.108559,236.0,sample_10
gi|51093856|ref|NM_014406.4|,2065,1801.264,18899.420631999998,416.0,sample_10
gi|40445391|ref|NR_001591.1|,1483,1179.264,19846.661703,286.0,sample_10
gi|338970360|ref|NR_040115.1|,1539,1289.264,20121.015443,317.0,sample_10
gi|103471990|ref|NM_175878.3|,1700,1429.264,17520.297407,306.0,sample_10
gi|151301122|ref|NR_003607.1|,1381,1131.264,22352.545132,309.0,sample_10
gi|83716020|ref|NM_001037814.1|,2630,2380.264,22312.69986,649.0,sample_10
gi|168229201|ref|NR_015352.1|,2726,2476.264,17548.101397,531.0,sample_10
gi|411147377|ref|NM_014339.6|,8608,8358.264000000001,16282.038456999999,1663.0,sample_10
gi|251823729|ref|NM_001163079.1|,3979,3711.264,19461.767776,882.6160000000001,sample_10
gi|251823728|ref|NM_031890.3|,5043,4775.264,19011.540121,1109.384,sample_10
gi|51093854|ref|NM_017829.5|,1734,1484.264,17308.791304,313.939,sample_10
gi|51093855|ref|NM_033070.2|,1809,1559.264,22203.209955000002,423.061,sample_10
gi|213512664|ref|NR_024483.1|,650,375.264,27257.517567000003,124.995,sample_10
gi|213512645|ref|NR_024482.1|,356,89.291,60493.255080999996,66.005,sample_10
gi|29029551|ref|NM_177405.1|,3071,2821.264,17789.327958,613.297,sample_10
gi|29029549|ref|NM_017424.2|,3947,3682.264,16572.33353,745.703,sample_10
gi|345525396|ref|NR_038398.2|,1915,1665.264,21130.894572,430.0,sample_10
gi|270132321|ref|NM_031413.3|,5760,5510.264,16811.506002000002,1132.0,sample_10
gi|13899341|ref|NM_031481.1|,2087,1837.264,19197.215336,431.0,sample_10
gi|87159815|ref|NM_001039366.1|,1340,1090.264,21936.671641999998,292.26,sample_10
gi|87159817|ref|NM_001039367.1|,1316,1066.264,24170.107993999998,314.928,sample_10
gi|87159814|ref|NM_001696.3|,1406,1156.264,17184.838153,242.812,sample_10
gi|398707252|ref|NM_015367.3|,5132,4882.264,21668.395103,1292.753,sample_10
gi|398775379|ref|NM_001270731.1|,5062,4812.264,15552.617887999999,914.577,sample_10
gi|398775908|ref|NM_001270734.1|,4918,4668.264,19640.344598,1120.397,sample_10
gi|398775088|ref|NM_001270729.1|,4975,4725.264,14788.854704,853.941,sample_10
gi|398775598|ref|NM_001270732.1|,4905,4655.264,19001.465024,1080.933,sample_10
gi|398777064|ref|NM_001270735.1|,4761,4511.264,14929.632705000002,823.028,sample_10
gi|398774965|ref|NM_001270728.1|,4797,4547.264,15518.512776,862.318,sample_10
gi|398774578|ref|NM_001270726.1|,4961,4711.264,16004.756007,921.4119999999999,sample_10
gi|398774790|ref|NM_001270727.1|,4817,4567.264,16605.775866,926.793,sample_10
gi|398775209|ref|NM_001270730.1|,4804,4554.264,18560.847113,1032.96,sample_10
gi|398776358|ref|NR_073068.1|,4730,4480.264,16708.648541,914.7710000000001,sample_10
gi|398776655|ref|NR_073069.1|,4713,4463.264,14787.184011000001,806.502,sample_10
gi|398774358|ref|NM_001270733.1|,4347,4097.264,17049.059736000003,853.615,sample_10
gi|347300409|ref|NM_001244567.1|,2128,1862.264,11612.141203,264.254,sample_10
gi|347300417|ref|NM_001244570.1|,1936,1670.264,26475.59844,540.379,sample_10
gi|347300412|ref|NM_197967.2|,2147,1881.264,22324.594069,513.217,sample_10
gi|347300415|ref|NM_001244569.1|,2006,1740.264,17007.829941,361.686,sample_10
gi|347300411|ref|NM_001196.3|,2217,1951.264,16524.778004,394.02099999999996,sample_10
gi|347300422|ref|NM_001244572.1|,2254,1988.264,18643.252245,452.963,sample_10
gi|347300421|ref|NM_197966.2|,2535,2269.264,15451.787057,428.481,sample_10
gi|301171814|ref|NR_036168.1|,80,80.0,30687.669027999997,30.0,sample_10
gi|209862788|ref|NM_015241.2|,9471,9192.264000000001,17822.044641999997,2001.9229999999998,sample_10
gi|170172517|ref|NM_001122731.1|,3384,3116.264,17070.800151,650.063,sample_10
gi|209862792|ref|NM_001136004.1|,8091,7823.264,17343.339999,1658.014,sample_10
