target_id,length,eff_length,est_counts,tpm,sample
gi|424037187|ref|NR_073460.1|,725,476.23800000000006,320.991,54044.1,sample_06
gi|424037186|ref|NR_073459.1|,746,497.23800000000006,0.009228100000000001,1.48809,sample_06
gi|209977002|ref|NM_001136213.1|,2037,1788.24,453.0,20312.0,sample_06
gi|52546690|ref|NM_001005239.1|,981,732.238,213.0,23324.2,sample_06
gi|51093856|ref|NM_014406.4|,2065,1816.24,389.0,17173.4,sample_06
gi|40445391|ref|NR_001591.1|,1483,1234.24,314.0,20399.1,sample_06
gi|338970360|ref|NR_040115.1|,1539,1290.24,318.0,19762.3,sample_06
gi|103471990|ref|NM_175878.3|,1700,1451.24,358.0,19779.9,sample_06
gi|151301122|ref|NR_003607.1|,1381,1132.24,274.0,19404.1,sample_06
gi|83716020|ref|NM_001037814.1|,2630,2381.24,517.0,17408.8,sample_06
gi|168229201|ref|NR_015352.1|,2726,2477.24,502.0,16248.6,sample_06
gi|411147377|ref|NM_014339.6|,8608,8359.24,1561.0,14973.3,sample_06
gi|251823729|ref|NM_001163079.1|,3979,3730.24,706.448,15185.3,sample_06
gi|251823728|ref|NM_031890.3|,5043,4794.24,1138.55,19042.0,sample_06
gi|51093854|ref|NM_017829.5|,1734,1485.24,418.403,22588.1,sample_06
gi|51093855|ref|NM_033070.2|,1809,1560.24,328.597,16887.0,sample_06
gi|213512664|ref|NR_024483.1|,650,401.23800000000006,184.287,36827.6,sample_06
gi|213512645|ref|NR_024482.1|,356,107.238,64.7129,48386.2,sample_06
gi|29029551|ref|NM_177405.1|,3071,2822.24,645.535,18340.3,sample_06
gi|29029549|ref|NM_017424.2|,3947,3698.24,784.465,17008.2,sample_06
gi|345525396|ref|NR_038398.2|,1915,1666.24,432.0,20788.7,sample_06
gi|270132321|ref|NM_031413.3|,5760,5511.24,1167.0,16978.6,sample_06
gi|13899341|ref|NM_031481.1|,2087,1838.24,456.0,19890.4,sample_06
gi|87159815|ref|NM_001039366.1|,1340,1091.24,244.157,17940.3,sample_06
gi|87159817|ref|NM_001039367.1|,1316,1067.24,225.108,16912.6,sample_06
gi|87159814|ref|NM_001696.3|,1406,1157.24,464.735,32200.5,sample_06
gi|398707252|ref|NM_015367.3|,5132,4883.24,2042.81,33542.9,sample_06
gi|398775379|ref|NM_001270731.1|,5062,4813.24,845.732,14088.9,sample_06
gi|398775908|ref|NM_001270734.1|,4918,4669.24,464.36400000000003,7974.31,sample_06
gi|398775088|ref|NM_001270729.1|,4975,4726.24,1249.15,21192.4,sample_06
gi|398775598|ref|NM_001270732.1|,4905,4656.24,689.812,11878.9,sample_06
gi|398777064|ref|NM_001270735.1|,4761,4512.24,873.822,15527.9,sample_06
gi|398774965|ref|NM_001270728.1|,4797,4548.24,776.304,13685.8,sample_06
gi|398774578|ref|NM_001270726.1|,4961,4712.24,1123.82,19122.7,sample_06
gi|398774790|ref|NM_001270727.1|,4817,4568.24,737.785,12949.7,sample_06
gi|398775209|ref|NM_001270730.1|,4804,4555.24,658.709,11594.8,sample_06
gi|398776358|ref|NR_073068.1|,4730,4481.24,1118.81,20018.8,sample_06
gi|398776655|ref|NR_073069.1|,4713,4464.24,1198.89,21533.3,sample_06
gi|398774358|ref|NM_001270733.1|,4347,4098.24,803.995,15730.3,sample_06
gi|347300409|ref|NM_001244567.1|,2128,1879.24,387.39099999999996,16529.1,sample_06
gi|347300417|ref|NM_001244570.1|,1936,1687.24,381.791,18143.9,sample_06
gi|347300412|ref|NM_197967.2|,2147,1898.24,354.741,14984.5,sample_06
gi|347300415|ref|NM_001244569.1|,2006,1757.24,348.899,15920.2,sample_06
gi|347300411|ref|NM_001196.3|,2217,1968.24,539.634,21983.7,sample_06
gi|347300422|ref|NM_001244572.1|,2254,2005.24,477.884,19109.0,sample_06
gi|347300421|ref|NM_197966.2|,2535,2286.24,564.66,19803.7,sample_06
gi|301171814|ref|NR_036168.1|,80,17.7143,9.0,40738.0,sample_06
gi|209862788|ref|NM_015241.2|,9471,9222.24,1960.93,17049.2,sample_06
gi|170172517|ref|NM_001122731.1|,3384,3135.24,724.0210000000001,18516.6,sample_06
gi|209862792|ref|NM_001136004.1|,8091,7842.24,1621.05,16574.4,sample_06
gi|424037187|ref|NR_073460.1|,725,476.376,260.991,45705.7,sample_08
gi|424037186|ref|NR_073459.1|,746,497.376,0.00912081,1.52983,sample_08
gi|209977002|ref|NM_001136213.1|,2037,1788.38,357.0,16653.5,sample_08
gi|52546690|ref|NM_001005239.1|,981,732.3760000000001,216.0,24604.5,sample_08
gi|51093856|ref|NM_014406.4|,2065,1816.38,409.0,18785.1,sample_08
gi|40445391|ref|NR_001591.1|,1483,1234.38,314.0,21221.6,sample_08
gi|338970360|ref|NR_040115.1|,1539,1290.38,322.0,20817.8,sample_08
gi|103471990|ref|NM_175878.3|,1700,1451.38,391.0,22474.6,sample_08
gi|151301122|ref|NR_003607.1|,1381,1132.38,304.0,22396.4,sample_08
gi|83716020|ref|NM_001037814.1|,2630,2381.38,581.0,20353.7,sample_08
gi|168229201|ref|NR_015352.1|,2726,2477.38,564.0,18992.5,sample_08
gi|411147377|ref|NM_014339.6|,8608,8359.38,1594.0,15907.8,sample_08
gi|251823729|ref|NM_001163079.1|,3979,3730.38,866.2339999999999,19372.2,sample_08
gi|251823728|ref|NM_031890.3|,5043,4794.38,857.7660000000001,14925.6,sample_08
gi|51093854|ref|NM_017829.5|,1734,1485.38,285.66200000000003,16044.0,sample_08
gi|51093855|ref|NM_033070.2|,1809,1560.38,353.338,18891.0,sample_08
gi|213512664|ref|NR_024483.1|,650,401.376,134.996,28058.5,sample_08
gi|213512645|ref|NR_024482.1|,356,107.376,68.00399999999999,52834.9,sample_08
gi|29029551|ref|NM_177405.1|,3071,2822.38,665.452,19669.7,sample_08
gi|29029549|ref|NM_017424.2|,3947,3698.38,839.548,18937.8,sample_08
gi|345525396|ref|NR_038398.2|,1915,1666.38,454.0,22728.9,sample_08
gi|270132321|ref|NM_031413.3|,5760,5511.38,1183.0,17906.9,sample_08
gi|13899341|ref|NM_031481.1|,2087,1838.38,411.0,18651.0,sample_08
gi|87159815|ref|NM_001039366.1|,1340,1091.38,237.22299999999998,18133.3,sample_08
gi|87159817|ref|NM_001039367.1|,1316,1067.38,196.56900000000002,15363.6,sample_08
gi|87159814|ref|NM_001696.3|,1406,1157.38,345.208,24883.0,sample_08
gi|398707252|ref|NM_015367.3|,5132,4883.38,1809.71,30916.1,sample_08
gi|398775379|ref|NM_001270731.1|,5062,4813.38,843.337,14616.6,sample_08
gi|398775908|ref|NM_001270734.1|,4918,4669.38,398.785,7124.86,sample_08
gi|398775088|ref|NM_001270729.1|,4975,4726.38,1552.24,27398.4,sample_08
gi|398775598|ref|NM_001270732.1|,4905,4656.38,750.422,13444.8,sample_08
gi|398777064|ref|NM_001270735.1|,4761,4512.38,994.637,18388.9,sample_08
gi|398774965|ref|NM_001270728.1|,4797,4548.38,924.725,16961.0,sample_08
gi|398774578|ref|NM_001270726.1|,4961,4712.38,908.762,16088.1,sample_08
gi|398774790|ref|NM_001270727.1|,4817,4568.38,807.4060000000001,14744.4,sample_08
gi|398775209|ref|NM_001270730.1|,4804,4555.38,705.301,12916.5,sample_08
gi|398776358|ref|NR_073068.1|,4730,4481.38,1042.27,19402.8,sample_08
gi|398776655|ref|NR_073069.1|,4713,4464.38,1169.17,21848.0,sample_08
gi|398774358|ref|NM_001270733.1|,4347,4098.38,773.2360000000001,15739.7,sample_08
gi|347300409|ref|NM_001244567.1|,2128,1879.38,339.47900000000004,15069.4,sample_08
gi|347300417|ref|NM_001244570.1|,1936,1687.38,401.664,19858.5,sample_08
gi|347300412|ref|NM_197967.2|,2147,1898.38,590.703,25958.7,sample_08
gi|347300415|ref|NM_001244569.1|,2006,1757.38,289.599,13747.6,sample_08
gi|347300411|ref|NM_001196.3|,2217,1968.38,489.74699999999996,20756.7,sample_08
gi|347300422|ref|NM_001244572.1|,2254,2005.38,523.189,21765.0,sample_08
gi|347300421|ref|NM_197966.2|,2535,2286.38,525.619,19178.7,sample_08
gi|301171814|ref|NR_036168.1|,80,17.7778,6.0,28155.9,sample_08
gi|209862788|ref|NM_015241.2|,9471,9222.38,1838.58,16631.6,sample_08
gi|170172517|ref|NM_001122731.1|,3384,3135.38,672.2180000000001,17886.1,sample_08
gi|209862792|ref|NM_001136004.1|,8091,7842.38,1606.21,17086.3,sample_08
gi|424037187|ref|NR_073460.1|,725,476.289,276.991,43229.7,sample_17
gi|424037186|ref|NR_073459.1|,746,497.289,0.00901514,1.3475700000000002,sample_17
gi|209977002|ref|NM_001136213.1|,2037,1788.29,448.0,18622.0,sample_17
gi|52546690|ref|NM_001005239.1|,981,732.289,170.0,17256.5,sample_17
gi|51093856|ref|NM_014406.4|,2065,1816.29,382.0,15633.8,sample_17
gi|40445391|ref|NR_001591.1|,1483,1234.29,327.0,19693.3,sample_17
gi|338970360|ref|NR_040115.1|,1539,1290.29,370.0,21315.8,sample_17
gi|103471990|ref|NM_175878.3|,1700,1451.29,399.0,20436.5,sample_17
gi|151301122|ref|NR_003607.1|,1381,1132.29,270.0,17725.3,sample_17
gi|83716020|ref|NM_001037814.1|,2630,2381.29,462.0,14421.7,sample_17
gi|168229201|ref|NR_015352.1|,2726,2477.29,487.0,14613.0,sample_17
gi|411147377|ref|NM_014339.6|,8608,8359.29,1826.0,16237.5,sample_17
gi|251823729|ref|NM_001163079.1|,3979,3730.29,761.3610000000001,15171.7,sample_17
gi|251823728|ref|NM_031890.3|,5043,4794.29,1112.64,17251.1,sample_17
gi|51093854|ref|NM_017829.5|,1734,1485.29,285.781,14302.4,sample_17
gi|51093855|ref|NM_033070.2|,1809,1560.29,469.219,22354.1,sample_17
gi|213512664|ref|NR_024483.1|,650,401.289,138.80100000000002,25711.1,sample_17
gi|213512645|ref|NR_024482.1|,356,107.289,40.1993,27851.6,sample_17
gi|29029551|ref|NM_177405.1|,3071,2822.29,687.24,18100.6,sample_17
gi|29029549|ref|NM_017424.2|,3947,3698.29,687.76,13823.7,sample_17
gi|345525396|ref|NR_038398.2|,1915,1666.29,393.0,17531.9,sample_17
gi|270132321|ref|NM_031413.3|,5760,5511.29,1107.0,14930.7,sample_17
gi|13899341|ref|NM_031481.1|,2087,1838.29,416.0,16821.6,sample_17
gi|87159815|ref|NM_001039366.1|,1340,1091.29,229.28400000000002,15617.8,sample_17
gi|87159817|ref|NM_001039367.1|,1316,1067.29,257.19,17912.6,sample_17
gi|87159814|ref|NM_001696.3|,1406,1157.29,315.526,20266.5,sample_17
gi|398707252|ref|NM_015367.3|,5132,4883.29,2445.53,37226.1,sample_17
gi|398775379|ref|NM_001270731.1|,5062,4813.29,848.6469999999999,13106.1,sample_17
gi|398775908|ref|NM_001270734.1|,4918,4669.29,392.32599999999996,6245.73,sample_17
gi|398775088|ref|NM_001270729.1|,4975,4726.29,957.3430000000001,15056.8,sample_17
gi|398775598|ref|NM_001270732.1|,4905,4656.29,893.789,14268.6,sample_17
gi|398777064|ref|NM_001270735.1|,4761,4512.29,704.694,11608.9,sample_17
gi|398774965|ref|NM_001270728.1|,4797,4548.29,856.765,14002.3,sample_17
gi|398774578|ref|NM_001270726.1|,4961,4712.29,1049.96,16562.5,sample_17
gi|398774790|ref|NM_001270727.1|,4817,4568.29,859.8989999999999,13992.0,sample_17
gi|398775209|ref|NM_001270730.1|,4804,4555.29,707.89,11551.5,sample_17
gi|398776358|ref|NR_073068.1|,4730,4481.29,1024.71,16997.5,sample_17
gi|398776655|ref|NR_073069.1|,4713,4464.29,1045.89,17414.9,sample_17
gi|398774358|ref|NM_001270733.1|,4347,4098.29,976.554,17712.5,sample_17
gi|347300409|ref|NM_001244567.1|,2128,1879.29,177.479,7020.05,sample_17
gi|347300417|ref|NM_001244570.1|,1936,1687.29,469.579,20687.4,sample_17
gi|347300412|ref|NM_197967.2|,2147,1898.29,378.74800000000005,14831.1,sample_17
gi|347300415|ref|NM_001244569.1|,2006,1757.29,324.23400000000004,13715.2,sample_17
gi|347300411|ref|NM_001196.3|,2217,1968.29,617.795,23331.5,sample_17
gi|347300422|ref|NM_001244572.1|,2254,2005.29,349.874,12969.5,sample_17
gi|347300421|ref|NM_197966.2|,2535,2286.29,645.29,20980.3,sample_17
gi|301171814|ref|NR_036168.1|,80,7.235289999999999,15.0,154107.0,sample_17
gi|209862788|ref|NM_015241.2|,9471,9222.29,1973.43,15906.3,sample_17
gi|170172517|ref|NM_001122731.1|,3384,3135.29,740.692,17560.9,sample_17
gi|209862792|ref|NM_001136004.1|,8091,7842.29,1720.88,16311.6,sample_17
gi|424037187|ref|NR_073460.1|,725,476.837,362.991,43100.9,sample_20
gi|424037186|ref|NR_073459.1|,746,497.837,0.00942868,1.0723200000000002,sample_20
gi|209977002|ref|NM_001136213.1|,2037,1788.84,402.0,12723.8,sample_20
gi|52546690|ref|NM_001005239.1|,981,732.837,184.0,14215.8,sample_20
gi|51093856|ref|NM_014406.4|,2065,1816.84,419.0,13057.5,sample_20
gi|40445391|ref|NR_001591.1|,1483,1234.84,303.0,13892.9,sample_20
gi|338970360|ref|NR_040115.1|,1539,1290.84,254.0,11141.0,sample_20
gi|103471990|ref|NM_175878.3|,1700,1451.84,395.0,15404.2,sample_20
gi|151301122|ref|NR_003607.1|,1381,1132.84,301.0,15043.9,sample_20
gi|83716020|ref|NM_001037814.1|,2630,2381.84,557.0,13240.5,sample_20
gi|168229201|ref|NR_015352.1|,2726,2477.84,567.0,12956.0,sample_20
gi|411147377|ref|NM_014339.6|,8608,8359.84,1675.0,11344.3,sample_20
gi|251823729|ref|NM_001163079.1|,3979,3730.84,932.316,14148.7,sample_20
gi|251823728|ref|NM_031890.3|,5043,4794.84,922.684,10895.3,sample_20
gi|51093854|ref|NM_017829.5|,1734,1485.84,385.652,14695.5,sample_20
gi|51093855|ref|NM_033070.2|,1809,1560.84,310.348,11257.8,sample_20
gi|213512664|ref|NR_024483.1|,650,401.837,97.5093,13739.1,sample_20
gi|213512645|ref|NR_024482.1|,356,107.837,58.4907,30710.1,sample_20
gi|29029551|ref|NM_177405.1|,3071,2822.84,654.2230000000001,13122.0,sample_20
gi|29029549|ref|NM_017424.2|,3947,3698.84,784.7769999999999,12012.7,sample_20
gi|345525396|ref|NR_038398.2|,1915,1666.84,443.0,15047.7,sample_20
gi|270132321|ref|NM_031413.3|,5760,5511.84,1171.0,12028.8,sample_20
gi|13899341|ref|NM_031481.1|,2087,1838.84,414.0,12747.3,sample_20
gi|87159815|ref|NM_001039366.1|,1340,1091.84,294.121,15252.1,sample_20
gi|87159817|ref|NM_001039367.1|,1316,1067.84,230.47400000000002,12220.2,sample_20
gi|87159814|ref|NM_001696.3|,1406,1157.84,385.405,18846.5,sample_20
gi|398707252|ref|NM_015367.3|,5132,4883.84,1782.0,20658.8,sample_20
gi|398775379|ref|NM_001270731.1|,5062,4813.84,1148.26,13505.4,sample_20
gi|398775908|ref|NM_001270734.1|,4918,4669.84,777.095,9421.78,sample_20
gi|398775088|ref|NM_001270729.1|,4975,4726.84,1015.42,12162.9,sample_20
gi|398775598|ref|NM_001270732.1|,4905,4656.84,854.5260000000001,10389.5,sample_20
gi|398777064|ref|NM_001270735.1|,4761,4512.84,591.0269999999999,7415.12,sample_20
gi|398774965|ref|NM_001270728.1|,4797,4548.84,562.274,6998.55,sample_20
gi|398774578|ref|NM_001270726.1|,4961,4712.84,936.877,11255.4,sample_20
gi|398774790|ref|NM_001270727.1|,4817,4568.84,794.672,9847.89,sample_20
gi|398775209|ref|NM_001270730.1|,4804,4555.84,891.852,11083.7,sample_20
gi|398776358|ref|NR_073068.1|,4730,4481.84,973.425,12297.2,sample_20
gi|398776655|ref|NR_073069.1|,4713,4464.84,991.061,12567.7,sample_20
gi|398774358|ref|NM_001270733.1|,4347,4098.84,892.5160000000001,12328.7,sample_20
gi|347300409|ref|NM_001244567.1|,2128,1879.84,78.5383,2365.49,sample_20
gi|347300417|ref|NM_001244570.1|,1936,1687.84,416.70599999999996,13978.5,sample_20
gi|347300412|ref|NM_197967.2|,2147,1898.84,422.759,12605.7,sample_20
gi|347300415|ref|NM_001244569.1|,2006,1757.84,428.18300000000005,13791.5,sample_20
gi|347300411|ref|NM_001196.3|,2217,1968.84,696.472,20028.8,sample_20
gi|347300422|ref|NM_001244572.1|,2254,2005.84,455.024,12844.0,sample_20
gi|347300421|ref|NM_197966.2|,2535,2286.84,555.317,13748.8,sample_20
gi|301171814|ref|NR_036168.1|,80,4.63333,28.0,342157.0,sample_20
gi|209862788|ref|NM_015241.2|,9471,9222.84,1881.76,11552.1,sample_20
gi|170172517|ref|NM_001122731.1|,3384,3135.84,690.238,12462.5,sample_20
gi|209862792|ref|NM_001136004.1|,8091,7842.84,1619.0,11687.9,sample_20
gi|424037187|ref|NR_073460.1|,725,476.32800000000003,255.99099999999999,37913.0,sample_01
gi|424037186|ref|NR_073459.1|,746,497.32800000000003,0.00911887,1.29351,sample_01
gi|209977002|ref|NM_001136213.1|,2037,1788.33,432.0,17041.5,sample_01
gi|52546690|ref|NM_001005239.1|,981,732.328,187.0,18013.8,sample_01
gi|51093856|ref|NM_014406.4|,2065,1816.33,324.0,12584.1,sample_01
gi|40445391|ref|NR_001591.1|,1483,1234.33,325.0,18574.7,sample_01
gi|338970360|ref|NR_040115.1|,1539,1290.33,306.0,16729.8,sample_01
gi|103471990|ref|NM_175878.3|,1700,1451.33,358.0,17401.5,sample_01
gi|151301122|ref|NR_003607.1|,1381,1132.33,247.0,15388.4,sample_01
gi|83716020|ref|NM_001037814.1|,2630,2381.33,532.0,15760.2,sample_01
gi|168229201|ref|NR_015352.1|,2726,2477.33,555.0,15804.5,sample_01
gi|411147377|ref|NM_014339.6|,8608,8359.33,1795.0,15148.3,sample_01
gi|251823729|ref|NM_001163079.1|,3979,3730.33,924.33,17480.4,sample_01
gi|251823728|ref|NM_031890.3|,5043,4794.33,971.67,14297.5,sample_01
gi|51093854|ref|NM_017829.5|,1734,1485.33,363.087,17244.8,sample_01
gi|51093855|ref|NM_033070.2|,1809,1560.33,398.913,18035.7,sample_01
gi|213512664|ref|NR_024483.1|,650,401.32800000000003,134.20600000000002,23590.7,sample_01
gi|213512645|ref|NR_024482.1|,356,107.32799999999999,54.7944,36015.8,sample_01
gi|29029551|ref|NM_177405.1|,3071,2822.33,615.811,15392.5,sample_01
gi|29029549|ref|NM_017424.2|,3947,3698.33,825.189,15740.5,sample_01
gi|345525396|ref|NR_038398.2|,1915,1666.33,396.0,16765.0,sample_01
gi|270132321|ref|NM_031413.3|,5760,5511.33,1163.0,14886.5,sample_01
gi|13899341|ref|NM_031481.1|,2087,1838.33,398.0,15273.2,sample_01
gi|87159815|ref|NM_001039366.1|,1340,1091.33,255.264,16500.8,sample_01
gi|87159817|ref|NM_001039367.1|,1316,1067.33,190.41,12585.3,sample_01
gi|87159814|ref|NM_001696.3|,1406,1157.33,336.32599999999996,20500.9,sample_01
gi|398707252|ref|NM_015367.3|,5132,4883.33,2156.21,31149.1,sample_01
gi|398775379|ref|NM_001270731.1|,5062,4813.33,1019.66,14944.4,sample_01
gi|398775908|ref|NM_001270734.1|,4918,4669.33,655.569,9904.53,sample_01
gi|398775088|ref|NM_001270729.1|,4975,4726.33,1496.26,22333.4,sample_01
gi|398775598|ref|NM_001270732.1|,4905,4656.33,1075.2,16289.7,sample_01
gi|398777064|ref|NM_001270735.1|,4761,4512.33,641.514,10029.4,sample_01
gi|398774965|ref|NM_001270728.1|,4797,4548.33,532.286,8255.87,sample_01
gi|398774578|ref|NM_001270726.1|,4961,4712.33,641.286,9600.33,sample_01
gi|398774790|ref|NM_001270727.1|,4817,4568.33,753.4839999999999,11635.5,sample_01
gi|398775209|ref|NM_001270730.1|,4804,4555.33,483.389,7485.96,sample_01
gi|398776358|ref|NR_073068.1|,4730,4481.33,1057.19,16642.5,sample_01
gi|398776655|ref|NR_073069.1|,4713,4464.33,1118.55,17675.3,sample_01
gi|398774358|ref|NM_001270733.1|,4347,4098.33,998.403,17185.8,sample_01
gi|347300409|ref|NM_001244567.1|,2128,1879.33,394.79400000000004,14819.6,sample_01
gi|347300417|ref|NM_001244570.1|,1936,1687.33,357.94199999999995,14965.2,sample_01
gi|347300412|ref|NM_197967.2|,2147,1898.33,418.667,15558.5,sample_01
gi|347300415|ref|NM_001244569.1|,2006,1757.33,304.948,12241.8,sample_01
gi|347300411|ref|NM_001196.3|,2217,1968.33,520.86,18667.8,sample_01
gi|347300422|ref|NM_001244572.1|,2254,2005.33,397.97,14000.2,sample_01
gi|347300421|ref|NM_197966.2|,2535,2286.33,583.819,18014.0,sample_01
gi|301171814|ref|NR_036168.1|,80,8.07692,23.0,200887.0,sample_01
gi|209862788|ref|NM_015241.2|,9471,9222.33,1888.6,14446.7,sample_01
gi|170172517|ref|NM_001122731.1|,3384,3135.33,615.8530000000001,13856.8,sample_01
gi|209862792|ref|NM_001136004.1|,8091,7842.33,1638.55,14739.5,sample_01
gi|424037187|ref|NR_073460.1|,725,476.175,285.991,49877.4,sample_05
gi|424037186|ref|NR_073459.1|,746,497.175,0.00906021,1.51338,sample_05
gi|209977002|ref|NM_001136213.1|,2037,1788.18,430.0,19969.9,sample_05
gi|52546690|ref|NM_001005239.1|,981,732.175,244.0,27675.4,sample_05
gi|51093856|ref|NM_014406.4|,2065,1816.18,427.0,19524.9,sample_05
gi|40445391|ref|NR_001591.1|,1483,1234.18,341.0,22945.4,sample_05
gi|338970360|ref|NR_040115.1|,1539,1290.18,291.0,18731.1,sample_05
gi|103471990|ref|NM_175878.3|,1700,1451.18,367.0,21002.2,sample_05
gi|151301122|ref|NR_003607.1|,1381,1132.18,303.0,22225.3,sample_05
gi|83716020|ref|NM_001037814.1|,2630,2381.18,593.0,20681.5,sample_05
gi|168229201|ref|NR_015352.1|,2726,2477.18,529.0,17734.4,sample_05
gi|411147377|ref|NM_014339.6|,8608,8359.18,1800.0,17882.5,sample_05
gi|251823729|ref|NM_001163079.1|,3979,3730.18,914.814,20366.8,sample_05
gi|251823728|ref|NM_031890.3|,5043,4794.18,952.186,16494.0,sample_05
gi|51093854|ref|NM_017829.5|,1734,1485.18,304.881,17047.9,sample_05
gi|51093855|ref|NM_033070.2|,1809,1560.18,403.119,21457.4,sample_05
gi|213512664|ref|NR_024483.1|,650,401.175,125.994,26081.7,sample_05
gi|213512645|ref|NR_024482.1|,356,107.198,40.0057,30992.2,sample_05
gi|29029551|ref|NM_177405.1|,3071,2822.18,655.331,19283.9,sample_05
gi|29029549|ref|NM_017424.2|,3947,3698.18,700.669,15734.2,sample_05
gi|345525396|ref|NR_038398.2|,1915,1666.18,414.0,20634.7,sample_05
gi|270132321|ref|NM_031413.3|,5760,5511.18,1059.0,15957.7,sample_05
gi|13899341|ref|NM_031481.1|,2087,1838.18,349.0,15767.3,sample_05
gi|87159815|ref|NM_001039366.1|,1340,1091.18,288.101,21926.4,sample_05
gi|87159817|ref|NM_001039367.1|,1316,1067.18,252.08,19616.5,sample_05
gi|87159814|ref|NM_001696.3|,1406,1157.18,272.82,19579.2,sample_05
gi|398707252|ref|NM_015367.3|,5132,4883.18,2451.98,41699.7,sample_05
gi|398775379|ref|NM_001270731.1|,5062,4813.18,811.164,13995.7,sample_05
gi|398775908|ref|NM_001270734.1|,4918,4669.18,396.24300000000005,7047.57,sample_05
gi|398775088|ref|NM_001270729.1|,4975,4726.18,877.2439999999999,15414.5,sample_05
gi|398775598|ref|NM_001270732.1|,4905,4656.18,783.209,13969.0,sample_05
gi|398777064|ref|NM_001270735.1|,4761,4512.18,815.293,15005.3,sample_05
gi|398774965|ref|NM_001270728.1|,4797,4548.18,854.591,15604.1,sample_05
gi|398774578|ref|NM_001270726.1|,4961,4712.18,956.368,16854.7,sample_05
gi|398774790|ref|NM_001270727.1|,4817,4568.18,936.008,17015.9,sample_05
gi|398775209|ref|NM_001270730.1|,4804,4555.18,643.755,11736.4,sample_05
gi|398776358|ref|NR_073068.1|,4730,4481.18,1026.34,19020.3,sample_05
gi|398776655|ref|NR_073069.1|,4713,4464.18,1080.92,20108.0,sample_05
gi|398774358|ref|NM_001270733.1|,4347,4098.18,711.893,14425.9,sample_05
gi|347300409|ref|NM_001244567.1|,2128,1879.18,219.65200000000002,9707.01,sample_05
gi|347300417|ref|NM_001244570.1|,1936,1687.18,433.173,21321.6,sample_05
gi|347300412|ref|NM_197967.2|,2147,1898.18,359.111,15711.2,sample_05
gi|347300415|ref|NM_001244569.1|,2006,1757.18,373.869,17669.4,sample_05
gi|347300411|ref|NM_001196.3|,2217,1968.18,657.012,27722.2,sample_05
gi|347300422|ref|NM_001244572.1|,2254,2005.18,419.83099999999996,17387.6,sample_05
gi|347300421|ref|NM_197966.2|,2535,2286.18,520.3530000000001,18902.0,sample_05
gi|301171814|ref|NR_036168.1|,80,12.9231,9.0,57835.5,sample_05
gi|209862788|ref|NM_015241.2|,9471,9222.18,1892.63,17043.1,sample_05
gi|170172517|ref|NM_001122731.1|,3384,3135.18,658.425,17440.7,sample_05
gi|209862792|ref|NM_001136004.1|,8091,7842.18,1715.95,18171.3,sample_05
gi|424037187|ref|NR_073460.1|,725,476.841,275.991,45632.7,sample_13
gi|424037186|ref|NR_073459.1|,746,497.841,0.00921475,1.45931,sample_13
gi|209977002|ref|NM_001136213.1|,2037,1788.84,430.0,18951.9,sample_13
gi|52546690|ref|NM_001005239.1|,981,732.841,197.0,21194.0,sample_13
gi|51093856|ref|NM_014406.4|,2065,1816.84,410.0,17791.9,sample_13
gi|40445391|ref|NR_001591.1|,1483,1234.84,302.0,19282.0,sample_13
gi|338970360|ref|NR_040115.1|,1539,1290.84,251.0,15330.5,sample_13
gi|103471990|ref|NM_175878.3|,1700,1451.84,330.0,17920.5,sample_13
gi|151301122|ref|NR_003607.1|,1381,1132.84,221.0,15380.8,sample_13
gi|83716020|ref|NM_001037814.1|,2630,2381.84,469.0,15524.4,sample_13
gi|168229201|ref|NR_015352.1|,2726,2477.84,556.0,17691.2,sample_13
gi|411147377|ref|NM_014339.6|,8608,8359.84,1781.0,16796.6,sample_13
gi|251823729|ref|NM_001163079.1|,3979,3730.84,783.558,16558.5,sample_13
gi|251823728|ref|NM_031890.3|,5043,4794.84,964.442,15858.4,sample_13
gi|51093854|ref|NM_017829.5|,1734,1485.84,377.87199999999996,20050.6,sample_13
gi|51093855|ref|NM_033070.2|,1809,1560.84,374.12800000000004,18898.1,sample_13
gi|213512664|ref|NR_024483.1|,650,401.841,134.559,26400.6,sample_13
gi|213512645|ref|NR_024482.1|,356,107.84100000000001,54.4412,39801.3,sample_13
gi|29029551|ref|NM_177405.1|,3071,2822.84,631.428,17635.7,sample_13
gi|29029549|ref|NM_017424.2|,3947,3698.84,827.572,17639.9,sample_13
gi|345525396|ref|NR_038398.2|,1915,1666.84,357.0,16886.1,sample_13
gi|270132321|ref|NM_031413.3|,5760,5511.84,1266.0,18108.9,sample_13
gi|13899341|ref|NM_031481.1|,2087,1838.84,368.0,15778.3,sample_13
gi|87159815|ref|NM_001039366.1|,1340,1091.84,199.642,14416.1,sample_13
gi|87159817|ref|NM_001039367.1|,1316,1067.84,170.519,12589.9,sample_13
gi|87159814|ref|NM_001696.3|,1406,1157.84,459.839,31312.1,sample_13
gi|398707252|ref|NM_015367.3|,5132,4883.84,2155.25,34793.1,sample_13
gi|398775379|ref|NM_001270731.1|,5062,4813.84,776.5989999999999,12719.2,sample_13
gi|398775908|ref|NM_001270734.1|,4918,4669.84,733.2410000000001,12379.4,sample_13
gi|398775088|ref|NM_001270729.1|,4975,4726.84,987.804,16476.1,sample_13
gi|398775598|ref|NM_001270732.1|,4905,4656.84,842.909,14270.7,sample_13
gi|398777064|ref|NM_001270735.1|,4761,4512.84,558.896,9764.21,sample_13
gi|398774965|ref|NM_001270728.1|,4797,4548.84,794.041,13762.5,sample_13
gi|398774578|ref|NM_001270726.1|,4961,4712.84,1318.89,22063.8,sample_13
gi|398774790|ref|NM_001270727.1|,4817,4568.84,567.137,9786.74,sample_13
gi|398775209|ref|NM_001270730.1|,4804,4555.84,643.183,11130.7,sample_13
gi|398776358|ref|NR_073068.1|,4730,4481.84,1019.86,17940.8,sample_13
gi|398776655|ref|NR_073069.1|,4713,4464.84,1133.98,20024.2,sample_13
gi|398774358|ref|NM_001270733.1|,4347,4098.84,1117.21,21489.6,sample_13
gi|347300409|ref|NM_001244567.1|,2128,1879.84,464.509,19481.8,sample_13
gi|347300417|ref|NM_001244570.1|,1936,1687.84,201.768,9424.89,sample_13
gi|347300412|ref|NM_197967.2|,2147,1898.84,357.19599999999997,14831.1,sample_13
gi|347300415|ref|NM_001244569.1|,2006,1757.84,385.332,17282.7,sample_13
gi|347300411|ref|NM_001196.3|,2217,1968.84,603.229,24156.1,sample_13
gi|347300422|ref|NM_001244572.1|,2254,2005.84,357.537,14053.4,sample_13
gi|347300421|ref|NM_197966.2|,2535,2286.84,513.428,17701.1,sample_13
gi|301171814|ref|NR_036168.1|,80,9.88889,14.0,111619.0,sample_13
gi|209862788|ref|NM_015241.2|,9471,9222.84,2033.91,17386.9,sample_13
gi|170172517|ref|NM_001122731.1|,3384,3135.84,671.554,16884.3,sample_13
gi|209862792|ref|NM_001136004.1|,8091,7842.84,1705.54,17145.3,sample_13
gi|424037187|ref|NR_073460.1|,725,476.356,251.99099999999999,32362.4,sample_16
gi|424037186|ref|NR_073459.1|,746,497.356,0.00914409,1.12476,sample_16
gi|209977002|ref|NM_001136213.1|,2037,1788.36,453.0,15496.4,sample_16
gi|52546690|ref|NM_001005239.1|,981,732.3560000000001,196.0,16372.7,sample_16
gi|51093856|ref|NM_014406.4|,2065,1816.36,424.0,14280.8,sample_16
gi|40445391|ref|NR_001591.1|,1483,1234.36,278.0,13778.2,sample_16
gi|338970360|ref|NR_040115.1|,1539,1290.36,339.0,16072.3,sample_16
gi|103471990|ref|NM_175878.3|,1700,1451.36,333.0,14036.4,sample_16
gi|151301122|ref|NR_003607.1|,1381,1132.36,246.0,13290.4,sample_16
gi|83716020|ref|NM_001037814.1|,2630,2381.36,496.0,12742.2,sample_16
gi|168229201|ref|NR_015352.1|,2726,2477.36,535.0,13211.5,sample_16
gi|411147377|ref|NM_014339.6|,8608,8359.36,1708.0,12499.8,sample_16
gi|251823729|ref|NM_001163079.1|,3979,3730.36,692.118,11350.5,sample_16
gi|251823728|ref|NM_031890.3|,5043,4794.36,911.882,11635.8,sample_16
gi|51093854|ref|NM_017829.5|,1734,1485.36,364.965,15031.7,sample_16
gi|51093855|ref|NM_033070.2|,1809,1560.36,442.035,17330.8,sample_16
gi|213512664|ref|NR_024483.1|,650,401.356,101.95200000000001,15540.1,sample_16
gi|213512645|ref|NR_024482.1|,356,107.35600000000001,45.0477,25670.5,sample_16
gi|29029551|ref|NM_177405.1|,3071,2822.36,621.674,13475.3,sample_16
gi|29029549|ref|NM_017424.2|,3947,3698.36,772.326,12775.5,sample_16
gi|345525396|ref|NR_038398.2|,1915,1666.36,383.0,14061.1,sample_16
gi|270132321|ref|NM_031413.3|,5760,5511.36,1191.0,13220.3,sample_16
gi|13899341|ref|NM_031481.1|,2087,1838.36,469.0,15607.4,sample_16
gi|87159815|ref|NM_001039366.1|,1340,1091.36,208.32,11677.5,sample_16
gi|87159817|ref|NM_001039367.1|,1316,1067.36,196.351,11254.1,sample_16
gi|87159814|ref|NM_001696.3|,1406,1157.36,353.329,18676.7,sample_16
gi|398707252|ref|NM_015367.3|,5132,4883.36,1901.1,23816.3,sample_16
gi|398775379|ref|NM_001270731.1|,5062,4813.36,877.2560000000001,11149.8,sample_16
gi|398775908|ref|NM_001270734.1|,4918,4669.36,816.385,10696.1,sample_16
gi|398775088|ref|NM_001270729.1|,4975,4726.36,1285.48,16639.0,sample_16
gi|398775598|ref|NM_001270732.1|,4905,4656.36,924.5830000000001,12147.5,sample_16
gi|398777064|ref|NM_001270735.1|,4761,4512.36,685.296,9290.98,sample_16
gi|398774965|ref|NM_001270728.1|,4797,4548.36,666.195,8960.53,sample_16
gi|398774578|ref|NM_001270726.1|,4961,4712.36,679.432,8820.53,sample_16
gi|398774790|ref|NM_001270727.1|,4817,4568.36,968.467,12969.2,sample_16
gi|398775209|ref|NM_001270730.1|,4804,4555.36,757.387,10171.4,sample_16
gi|398776358|ref|NR_073068.1|,4730,4481.36,698.931,9541.4,sample_16
gi|398776655|ref|NR_073069.1|,4713,4464.36,1264.27,17324.8,sample_16
gi|398774358|ref|NM_001270733.1|,4347,4098.36,866.211,12930.1,sample_16
gi|347300409|ref|NM_001244567.1|,2128,1879.36,475.19,15468.4,sample_16
gi|347300417|ref|NM_001244570.1|,1936,1687.36,434.809,15764.5,sample_16
gi|347300412|ref|NM_197967.2|,2147,1898.36,262.673,8464.96,sample_16
gi|347300415|ref|NM_001244569.1|,2006,1757.36,316.642,11022.9,sample_16
gi|347300411|ref|NM_001196.3|,2217,1968.36,358.36800000000005,11138.1,sample_16
gi|347300422|ref|NM_001244572.1|,2254,2005.36,465.545,14202.2,sample_16
gi|347300421|ref|NM_197966.2|,2535,2286.36,517.773,13854.2,sample_16
gi|301171814|ref|NR_036168.1|,80,4.85714,26.0,327476.0,sample_16
gi|209862788|ref|NM_015241.2|,9471,9222.36,1810.99,12013.3,sample_16
gi|170172517|ref|NM_001122731.1|,3384,3135.36,619.872,12094.9,sample_16
gi|209862792|ref|NM_001136004.1|,8091,7842.36,1614.14,12591.6,sample_16
gi|424037187|ref|NR_073460.1|,725,476.54,258.991,39049.4,sample_15
gi|424037186|ref|NR_073459.1|,746,497.54,0.00899704,1.2992700000000001,sample_15
gi|209977002|ref|NM_001136213.1|,2037,1788.54,397.0,15948.6,sample_15
gi|52546690|ref|NM_001005239.1|,981,732.54,197.0,19322.5,sample_15
gi|51093856|ref|NM_014406.4|,2065,1816.54,390.0,15425.8,sample_15
gi|40445391|ref|NR_001591.1|,1483,1234.54,264.0,15364.8,sample_15
gi|338970360|ref|NR_040115.1|,1539,1290.54,237.0,13194.9,sample_15
gi|103471990|ref|NM_175878.3|,1700,1451.54,360.0,17819.8,sample_15
gi|151301122|ref|NR_003607.1|,1381,1132.54,222.0,14084.1,sample_15
gi|83716020|ref|NM_001037814.1|,2630,2381.54,541.0,16321.8,sample_15
gi|168229201|ref|NR_015352.1|,2726,2477.54,499.0,14471.4,sample_15
gi|411147377|ref|NM_014339.6|,8608,8359.54,1660.0,14267.7,sample_15
gi|251823729|ref|NM_001163079.1|,3979,3730.54,638.1469999999999,12290.8,sample_15
gi|251823728|ref|NM_031890.3|,5043,4794.54,1135.85,17021.8,sample_15
gi|51093854|ref|NM_017829.5|,1734,1485.54,491.64099999999996,23779.0,sample_15
gi|51093855|ref|NM_033070.2|,1809,1560.54,317.35900000000004,14611.8,sample_15
gi|213512664|ref|NR_024483.1|,650,401.54,144.579,25870.5,sample_15
gi|213512645|ref|NR_024482.1|,356,107.54,35.4215,23666.0,sample_15
gi|29029551|ref|NM_177405.1|,3071,2822.54,622.6030000000001,15849.0,sample_15
gi|29029549|ref|NM_017424.2|,3947,3698.54,877.3969999999999,17044.9,sample_15
gi|345525396|ref|NR_038398.2|,1915,1666.54,384.0,16555.6,sample_15
gi|270132321|ref|NM_031413.3|,5760,5511.54,1118.0,14574.7,sample_15
gi|13899341|ref|NM_031481.1|,2087,1838.54,416.0,16257.3,sample_15
gi|87159815|ref|NM_001039366.1|,1340,1091.54,234.168,15414.0,sample_15
gi|87159817|ref|NM_001039367.1|,1316,1067.54,182.67,12294.5,sample_15
gi|87159814|ref|NM_001696.3|,1406,1157.54,319.16200000000003,19810.9,sample_15
gi|398707252|ref|NM_015367.3|,5132,4883.54,2116.67,31142.0,sample_15
gi|398775379|ref|NM_001270731.1|,5062,4813.54,1192.21,17795.9,sample_15
gi|398775908|ref|NM_001270734.1|,4918,4669.54,374.469,5761.97,sample_15
gi|398775088|ref|NM_001270729.1|,4975,4726.54,1274.25,19370.5,sample_15
gi|398775598|ref|NM_001270732.1|,4905,4656.54,794.94,12265.9,sample_15
gi|398777064|ref|NM_001270735.1|,4761,4512.54,822.6510000000001,13098.6,sample_15
gi|398774965|ref|NM_001270728.1|,4797,4548.54,870.96,13758.0,sample_15
gi|398774578|ref|NM_001270726.1|,4961,4712.54,715.9960000000001,10916.5,sample_15
gi|398774790|ref|NM_001270727.1|,4817,4568.54,1172.11,18434.0,sample_15
gi|398775209|ref|NM_001270730.1|,4804,4555.54,577.307,9105.35,sample_15
gi|398776358|ref|NR_073068.1|,4730,4481.54,844.289,13536.1,sample_15
gi|398776655|ref|NR_073069.1|,4713,4464.54,913.6210000000001,14703.4,sample_15
gi|398774358|ref|NM_001270733.1|,4347,4098.54,792.5269999999999,13893.6,sample_15
gi|347300409|ref|NM_001244567.1|,2128,1879.54,247.16,9448.36,sample_15
gi|347300417|ref|NM_001244570.1|,1936,1687.54,270.375,11511.8,sample_15
gi|347300412|ref|NM_197967.2|,2147,1898.54,377.24800000000005,14277.0,sample_15
gi|347300415|ref|NM_001244569.1|,2006,1757.54,371.726,15196.6,sample_15
gi|347300411|ref|NM_001196.3|,2217,1968.54,872.83,31857.7,sample_15
gi|347300422|ref|NM_001244572.1|,2254,2005.54,476.65,17076.5,sample_15
gi|347300421|ref|NM_197966.2|,2535,2286.54,581.01,18257.2,sample_15
gi|301171814|ref|NR_036168.1|,80,6.72727,19.0,202929.0,sample_15
gi|209862788|ref|NM_015241.2|,9471,9222.54,1924.02,14989.5,sample_15
gi|170172517|ref|NM_001122731.1|,3384,3135.54,688.117,15768.1,sample_15
gi|209862792|ref|NM_001136004.1|,8091,7842.54,1592.87,14593.3,sample_15
gi|424037187|ref|NR_073460.1|,725,476.352,271.991,44636.1,sample_03
gi|424037186|ref|NR_073459.1|,746,497.352,0.00932825,1.46621,sample_03
gi|209977002|ref|NM_001136213.1|,2037,1788.35,404.0,17659.9,sample_03
gi|52546690|ref|NM_001005239.1|,981,732.352,169.0,18039.6,sample_03
gi|51093856|ref|NM_014406.4|,2065,1816.35,448.0,19281.4,sample_03
gi|40445391|ref|NR_001591.1|,1483,1234.35,290.0,18366.2,sample_03
gi|338970360|ref|NR_040115.1|,1539,1290.35,302.0,18296.1,sample_03
gi|103471990|ref|NM_175878.3|,1700,1451.35,307.0,16535.8,sample_03
gi|151301122|ref|NR_003607.1|,1381,1132.35,254.0,17535.3,sample_03
gi|83716020|ref|NM_001037814.1|,2630,2381.35,537.0,17628.3,sample_03
gi|168229201|ref|NR_015352.1|,2726,2477.35,539.0,17008.3,sample_03
gi|411147377|ref|NM_014339.6|,8608,8359.35,1786.0,16702.0,sample_03
gi|251823729|ref|NM_001163079.1|,3979,3730.35,675.357,14152.8,sample_03
gi|251823728|ref|NM_031890.3|,5043,4794.35,1112.64,18142.0,sample_03
gi|51093854|ref|NM_017829.5|,1734,1485.35,364.746,19196.5,sample_03
gi|51093855|ref|NM_033070.2|,1809,1560.35,356.254,17848.3,sample_03
gi|213512664|ref|NR_024483.1|,650,401.352,141.97799999999998,27653.8,sample_03
gi|213512645|ref|NR_024482.1|,356,107.352,47.0223,34241.7,sample_03
gi|29029551|ref|NM_177405.1|,3071,2822.35,620.221,17178.9,sample_03
gi|29029549|ref|NM_017424.2|,3947,3698.35,810.779,17137.8,sample_03
gi|345525396|ref|NR_038398.2|,1915,1666.35,408.0,19140.5,sample_03
gi|270132321|ref|NM_031413.3|,5760,5511.35,1154.0,16368.4,sample_03
gi|13899341|ref|NM_031481.1|,2087,1838.35,432.0,18370.2,sample_03
gi|87159815|ref|NM_001039366.1|,1340,1091.35,200.373,14352.7,sample_03
gi|87159817|ref|NM_001039367.1|,1316,1067.35,196.268,14374.8,sample_03
gi|87159814|ref|NM_001696.3|,1406,1157.35,425.36,28731.0,sample_03
gi|398707252|ref|NM_015367.3|,5132,4883.35,1799.29,28803.4,sample_03
gi|398775379|ref|NM_001270731.1|,5062,4813.35,1268.23,20597.4,sample_03
gi|398775908|ref|NM_001270734.1|,4918,4669.35,568.572,9518.93,sample_03
gi|398775088|ref|NM_001270729.1|,4975,4726.35,958.015,15845.5,sample_03
gi|398775598|ref|NM_001270732.1|,4905,4656.35,906.628,15221.0,sample_03
gi|398777064|ref|NM_001270735.1|,4761,4512.35,690.373,11960.3,sample_03
gi|398774965|ref|NM_001270728.1|,4797,4548.35,802.188,13787.4,sample_03
gi|398774578|ref|NM_001270726.1|,4961,4712.35,1190.34,19746.6,sample_03
gi|398774790|ref|NM_001270727.1|,4817,4568.35,701.585,12005.5,sample_03
gi|398775209|ref|NM_001270730.1|,4804,4555.35,557.626,9569.32,sample_03
gi|398776358|ref|NR_073068.1|,4730,4481.35,1008.79,17597.6,sample_03
gi|398776655|ref|NR_073069.1|,4713,4464.35,899.966,15759.0,sample_03
gi|398774358|ref|NM_001270733.1|,4347,4098.35,1109.39,21160.9,sample_03
gi|347300409|ref|NM_001244567.1|,2128,1879.35,213.215,8868.9,sample_03
gi|347300417|ref|NM_001244570.1|,1936,1687.35,433.966,20105.3,sample_03
gi|347300412|ref|NM_197967.2|,2147,1898.35,428.702,17653.8,sample_03
gi|347300415|ref|NM_001244569.1|,2006,1757.35,311.972,13877.7,sample_03
gi|347300411|ref|NM_001196.3|,2217,1968.35,593.35,23565.0,sample_03
gi|347300422|ref|NM_001244572.1|,2254,2005.35,305.089,11893.1,sample_03
gi|347300421|ref|NM_197966.2|,2535,2286.35,748.706,25599.3,sample_03
gi|301171814|ref|NR_036168.1|,80,9.9,15.0,118445.0,sample_03
gi|209862788|ref|NM_015241.2|,9471,9222.35,1909.36,16184.8,sample_03
gi|170172517|ref|NM_001122731.1|,3384,3135.35,709.153,17681.3,sample_03
gi|209862792|ref|NM_001136004.1|,8091,7842.35,1602.48,15973.7,sample_03
gi|424037187|ref|NR_073460.1|,725,476.666,370.991,52669.9,sample_07
gi|424037186|ref|NR_073459.1|,746,497.666,0.00933777,1.26975,sample_07
gi|209977002|ref|NM_001136213.1|,2037,1788.67,472.0,17857.7,sample_07
gi|52546690|ref|NM_001005239.1|,981,732.666,186.0,17179.9,sample_07
gi|51093856|ref|NM_014406.4|,2065,1816.67,408.0,15198.4,sample_07
gi|40445391|ref|NR_001591.1|,1483,1234.67,275.0,15072.9,sample_07
gi|338970360|ref|NR_040115.1|,1539,1290.67,225.0,11797.3,sample_07
gi|103471990|ref|NM_175878.3|,1700,1451.67,294.0,13705.5,sample_07
gi|151301122|ref|NR_003607.1|,1381,1132.67,268.0,16012.0,sample_07
gi|83716020|ref|NM_001037814.1|,2630,2381.67,519.0,14746.9,sample_07
gi|168229201|ref|NR_015352.1|,2726,2477.67,517.0,14120.9,sample_07
gi|411147377|ref|NM_014339.6|,8608,8359.67,1890.0,15299.8,sample_07
gi|251823729|ref|NM_001163079.1|,3979,3730.67,714.633,12963.1,sample_07
gi|251823728|ref|NM_031890.3|,5043,4794.67,1120.37,15813.0,sample_07
gi|51093854|ref|NM_017829.5|,1734,1485.67,298.726,13607.1,sample_07
gi|51093855|ref|NM_033070.2|,1809,1560.67,322.274,13974.3,sample_07
gi|213512664|ref|NR_024483.1|,650,401.666,201.183,33895.3,sample_07
gi|213512645|ref|NR_024482.1|,356,107.666,70.8174,44512.0,sample_07
gi|29029551|ref|NM_177405.1|,3071,2822.67,604.268,14487.2,sample_07
gi|29029549|ref|NM_017424.2|,3947,3698.67,669.732,12253.8,sample_07
gi|345525396|ref|NR_038398.2|,1915,1666.67,409.0,16606.9,sample_07
gi|270132321|ref|NM_031413.3|,5760,5511.67,1136.0,13947.9,sample_07
gi|13899341|ref|NM_031481.1|,2087,1838.67,399.0,14685.3,sample_07
gi|87159815|ref|NM_001039366.1|,1340,1091.67,220.457,13666.2,sample_07
gi|87159817|ref|NM_001039367.1|,1316,1067.67,235.49599999999998,14926.6,sample_07
gi|87159814|ref|NM_001696.3|,1406,1157.67,338.046,19760.9,sample_07
gi|398707252|ref|NM_015367.3|,5132,4883.67,1620.35,22453.1,sample_07
gi|398775379|ref|NM_001270731.1|,5062,4813.67,1159.25,16297.3,sample_07
gi|398775908|ref|NM_001270734.1|,4918,4669.67,335.914,4868.06,sample_07
gi|398775088|ref|NM_001270729.1|,4975,4726.67,1122.35,16069.0,sample_07
gi|398775598|ref|NM_001270732.1|,4905,4656.67,901.2389999999999,13097.2,sample_07
gi|398777064|ref|NM_001270735.1|,4761,4512.67,755.977,11336.8,sample_07
gi|398774965|ref|NM_001270728.1|,4797,4548.67,561.309,8350.87,sample_07
gi|398774578|ref|NM_001270726.1|,4961,4712.67,1136.17,16315.1,sample_07
gi|398774790|ref|NM_001270727.1|,4817,4568.67,830.873,12307.2,sample_07
gi|398775209|ref|NM_001270730.1|,4804,4555.67,775.1310000000001,11514.3,sample_07
gi|398776358|ref|NR_073068.1|,4730,4481.67,1302.85,19672.9,sample_07
gi|398776655|ref|NR_073069.1|,4713,4464.67,1248.23,18919.9,sample_07
gi|398774358|ref|NM_001270733.1|,4347,4098.67,692.35,11431.3,sample_07
gi|347300409|ref|NM_001244567.1|,2128,1879.67,450.29400000000004,16211.7,sample_07
gi|347300417|ref|NM_001244570.1|,1936,1687.67,366.29900000000004,14688.0,sample_07
gi|347300412|ref|NM_197967.2|,2147,1898.67,495.589,17663.9,sample_07
gi|347300415|ref|NM_001244569.1|,2006,1757.67,276.01,10626.8,sample_07
gi|347300411|ref|NM_001196.3|,2217,1968.67,424.871,14604.9,sample_07
gi|347300422|ref|NM_001244572.1|,2254,2005.67,321.85900000000004,10859.8,sample_07
gi|347300421|ref|NM_197966.2|,2535,2286.67,600.078,17759.0,sample_07
gi|301171814|ref|NR_036168.1|,80,7.2963,23.0,213324.0,sample_07
gi|209862788|ref|NM_015241.2|,9471,9222.67,1736.84,12744.3,sample_07
gi|170172517|ref|NM_001122731.1|,3384,3135.67,767.9760000000001,16574.1,sample_07
gi|209862792|ref|NM_001136004.1|,8091,7842.67,1570.18,13548.8,sample_07
gi|424037187|ref|NR_073460.1|,725,476.27099999999996,272.991,47288.0,sample_14
gi|424037186|ref|NR_073459.1|,746,497.27099999999996,0.00928348,1.54019,sample_14
gi|209977002|ref|NM_001136213.1|,2037,1788.27,413.0,19053.5,sample_14
gi|52546690|ref|NM_001005239.1|,981,732.2710000000001,205.0,23096.1,sample_14
gi|51093856|ref|NM_014406.4|,2065,1816.27,389.0,17669.6,sample_14
gi|40445391|ref|NR_001591.1|,1483,1234.27,310.0,20720.9,sample_14
gi|338970360|ref|NR_040115.1|,1539,1290.27,295.0,18862.5,sample_14
gi|103471990|ref|NM_175878.3|,1700,1451.27,390.0,22170.4,sample_14
gi|151301122|ref|NR_003607.1|,1381,1132.27,218.0,15884.1,sample_14
gi|83716020|ref|NM_001037814.1|,2630,2381.27,501.0,17357.5,sample_14
gi|168229201|ref|NR_015352.1|,2726,2477.27,519.0,17284.3,sample_14
gi|411147377|ref|NM_014339.6|,8608,8359.27,1763.0,17399.7,sample_14
gi|251823729|ref|NM_001163079.1|,3979,3730.27,868.3989999999999,19206.0,sample_14
gi|251823728|ref|NM_031890.3|,5043,4794.27,1085.6,18681.2,sample_14
gi|51093854|ref|NM_017829.5|,1734,1485.27,422.055,23443.4,sample_14
gi|51093855|ref|NM_033070.2|,1809,1560.27,373.945,19772.7,sample_14
gi|213512664|ref|NR_024483.1|,650,401.27099999999996,127.301,26172.8,sample_14
gi|213512645|ref|NR_024482.1|,356,107.271,19.6993,15150.4,sample_14
gi|29029551|ref|NM_177405.1|,3071,2822.27,600.457,17552.6,sample_14
gi|29029549|ref|NM_017424.2|,3947,3698.27,703.543,15694.5,sample_14
gi|345525396|ref|NR_038398.2|,1915,1666.27,391.0,19359.2,sample_14
gi|270132321|ref|NM_031413.3|,5760,5511.27,1137.0,17020.2,sample_14
gi|13899341|ref|NM_031481.1|,2087,1838.27,438.0,19657.2,sample_14
gi|87159815|ref|NM_001039366.1|,1340,1091.27,249.046,18828.0,sample_14
gi|87159817|ref|NM_001039367.1|,1316,1067.27,205.625,15894.9,sample_14
gi|87159814|ref|NM_001696.3|,1406,1157.27,340.329,24261.7,sample_14
gi|398707252|ref|NM_015367.3|,5132,4883.27,1832.07,30952.1,sample_14
gi|398775379|ref|NM_001270731.1|,5062,4813.27,1017.89,17446.9,sample_14
gi|398775908|ref|NM_001270734.1|,4918,4669.27,363.63800000000003,6425.06,sample_14
gi|398775088|ref|NM_001270729.1|,4975,4726.27,1011.27,17652.5,sample_14
gi|398775598|ref|NM_001270732.1|,4905,4656.27,1010.77,17909.0,sample_14
gi|398777064|ref|NM_001270735.1|,4761,4512.27,993.82,18170.6,sample_14
gi|398774965|ref|NM_001270728.1|,4797,4548.27,708.618,12853.6,sample_14
gi|398774578|ref|NM_001270726.1|,4961,4712.27,980.313,17162.9,sample_14
gi|398774790|ref|NM_001270727.1|,4817,4568.27,815.698,14731.1,sample_14
gi|398775209|ref|NM_001270730.1|,4804,4555.27,861.132,15596.0,sample_14
gi|398776358|ref|NR_073068.1|,4730,4481.27,1007.59,18549.9,sample_14
gi|398776655|ref|NR_073069.1|,4713,4464.27,1023.52,18914.8,sample_14
gi|398774358|ref|NM_001270733.1|,4347,4098.27,1056.65,21271.1,sample_14
gi|347300409|ref|NM_001244567.1|,2128,1879.27,438.36400000000003,19244.3,sample_14
gi|347300417|ref|NM_001244570.1|,1936,1687.27,353.494,17284.4,sample_14
gi|347300412|ref|NM_197967.2|,2147,1898.27,305.113,13260.5,sample_14
gi|347300415|ref|NM_001244569.1|,2006,1757.27,475.81199999999995,22338.5,sample_14
gi|347300411|ref|NM_001196.3|,2217,1968.27,623.391,26129.6,sample_14
gi|347300422|ref|NM_001244572.1|,2254,2005.27,412.101,16954.6,sample_14
gi|347300421|ref|NM_197966.2|,2535,2286.27,488.725,17635.8,sample_14
gi|301171814|ref|NR_036168.1|,80,10.3846,10.0,79445.0,sample_14
gi|209862788|ref|NM_015241.2|,9471,9222.27,1917.5,17153.6,sample_14
gi|170172517|ref|NM_001122731.1|,3384,3135.27,732.622,19278.0,sample_14
gi|209862792|ref|NM_001136004.1|,8091,7842.27,1535.88,16157.4,sample_14
gi|424037187|ref|NR_073460.1|,725,476.375,245.99099999999999,38013.2,sample_02
gi|424037186|ref|NR_073459.1|,746,497.375,0.00932315,1.37989,sample_02
gi|209977002|ref|NM_001136213.1|,2037,1788.37,434.0,17864.7,sample_02
gi|52546690|ref|NM_001005239.1|,981,732.375,169.0,16987.1,sample_02
gi|51093856|ref|NM_014406.4|,2065,1816.37,387.0,15684.5,sample_02
gi|40445391|ref|NR_001591.1|,1483,1234.37,270.0,16102.1,sample_02
gi|338970360|ref|NR_040115.1|,1539,1290.37,264.0,15061.0,sample_02
gi|103471990|ref|NM_175878.3|,1700,1451.37,351.0,17803.0,sample_02
gi|151301122|ref|NR_003607.1|,1381,1132.37,274.0,17812.5,sample_02
gi|83716020|ref|NM_001037814.1|,2630,2381.37,569.0,17589.3,sample_02
gi|168229201|ref|NR_015352.1|,2726,2477.37,584.0,17353.5,sample_02
gi|411147377|ref|NM_014339.6|,8608,8359.37,1733.0,15261.2,sample_02
gi|251823729|ref|NM_001163079.1|,3979,3730.37,716.262,14134.6,sample_02
gi|251823728|ref|NM_031890.3|,5043,4794.37,1013.74,15565.3,sample_02
gi|51093854|ref|NM_017829.5|,1734,1485.37,370.407,18357.3,sample_02
gi|51093855|ref|NM_033070.2|,1809,1560.37,347.593,16398.6,sample_02
gi|213512664|ref|NR_024483.1|,650,401.375,135.60299999999998,24870.4,sample_02
gi|213512645|ref|NR_024482.1|,356,107.375,62.3974,42778.8,sample_02
gi|29029551|ref|NM_177405.1|,3071,2822.37,587.8530000000001,15332.7,sample_02
gi|29029549|ref|NM_017424.2|,3947,3698.37,725.1469999999999,14433.8,sample_02
gi|345525396|ref|NR_038398.2|,1915,1666.37,359.0,15859.4,sample_02
gi|270132321|ref|NM_031413.3|,5760,5511.37,1082.0,14452.1,sample_02
gi|13899341|ref|NM_031481.1|,2087,1838.37,400.0,16017.4,sample_02
gi|87159815|ref|NM_001039366.1|,1340,1091.37,256.652,17311.6,sample_02
gi|87159817|ref|NM_001039367.1|,1316,1067.37,281.629,19423.4,sample_02
gi|87159814|ref|NM_001696.3|,1406,1157.37,369.719,23516.0,sample_02
gi|398707252|ref|NM_015367.3|,5132,4883.37,2112.12,31839.3,sample_02
gi|398775379|ref|NM_001270731.1|,5062,4813.37,1111.32,16996.4,sample_02
gi|398775908|ref|NM_001270734.1|,4918,4669.37,313.353,4940.15,sample_02
gi|398775088|ref|NM_001270729.1|,4975,4726.37,1190.76,18546.5,sample_02
gi|398775598|ref|NM_001270732.1|,4905,4656.37,842.206,13314.8,sample_02
gi|398777064|ref|NM_001270735.1|,4761,4512.37,740.559,12081.5,sample_02
gi|398774965|ref|NM_001270728.1|,4797,4548.37,470.22900000000004,7610.59,sample_02
gi|398774578|ref|NM_001270726.1|,4961,4712.37,535.0409999999999,8358.19,sample_02
gi|398774790|ref|NM_001270727.1|,4817,4568.37,865.549,13947.5,sample_02
gi|398775209|ref|NM_001270730.1|,4804,4555.37,794.322,12836.2,sample_02
gi|398776358|ref|NR_073068.1|,4730,4481.37,1039.47,17075.1,sample_02
gi|398776655|ref|NR_073069.1|,4713,4464.37,1078.9,17790.4,sample_02
gi|398774358|ref|NM_001270733.1|,4347,4098.37,1091.17,19599.5,sample_02
gi|347300409|ref|NM_001244567.1|,2128,1879.37,396.785,15542.0,sample_02
gi|347300417|ref|NM_001244570.1|,1936,1687.37,254.583,11106.7,sample_02
gi|347300412|ref|NM_197967.2|,2147,1898.37,386.45599999999996,14985.9,sample_02
gi|347300415|ref|NM_001244569.1|,2006,1757.37,443.721,18587.1,sample_02
gi|347300411|ref|NM_001196.3|,2217,1968.37,699.959,26177.6,sample_02
gi|347300422|ref|NM_001244572.1|,2254,2005.37,381.62699999999995,14009.0,sample_02
gi|347300421|ref|NM_197966.2|,2535,2286.37,629.869,20280.0,sample_02
gi|301171814|ref|NR_036168.1|,80,9.33333,21.0,165633.0,sample_02
gi|209862788|ref|NM_015241.2|,9471,9222.37,1925.55,15370.1,sample_02
gi|170172517|ref|NM_001122731.1|,3384,3135.37,582.3480000000001,13672.8,sample_02
gi|209862792|ref|NM_001136004.1|,8091,7842.37,1674.1,15714.5,sample_02
gi|424037187|ref|NR_073460.1|,725,476.57,329.991,46745.4,sample_19
gi|424037186|ref|NR_073459.1|,746,497.57,0.00923062,1.25239,sample_19
gi|209977002|ref|NM_001136213.1|,2037,1788.57,363.0,13701.4,sample_19
gi|52546690|ref|NM_001005239.1|,981,732.57,194.0,17877.9,sample_19
gi|51093856|ref|NM_014406.4|,2065,1816.57,423.0,15720.0,sample_19
gi|40445391|ref|NR_001591.1|,1483,1234.57,285.0,15584.5,sample_19
gi|338970360|ref|NR_040115.1|,1539,1290.57,334.0,17471.4,sample_19
gi|103471990|ref|NM_175878.3|,1700,1451.57,369.0,17161.4,sample_19
gi|151301122|ref|NR_003607.1|,1381,1132.57,247.0,14723.0,sample_19
gi|83716020|ref|NM_001037814.1|,2630,2381.57,587.0,16639.4,sample_19
gi|168229201|ref|NR_015352.1|,2726,2477.57,510.0,13896.6,sample_19
gi|411147377|ref|NM_014339.6|,8608,8359.57,1647.0,13300.7,sample_19
gi|251823729|ref|NM_001163079.1|,3979,3730.57,834.523,15101.7,sample_19
gi|251823728|ref|NM_031890.3|,5043,4794.57,1072.48,15100.9,sample_19
gi|51093854|ref|NM_017829.5|,1734,1485.57,284.238,12916.7,sample_19
gi|51093855|ref|NM_033070.2|,1809,1560.57,396.76199999999994,17163.7,sample_19
gi|213512664|ref|NR_024483.1|,650,401.57,148.877,25028.2,sample_19
gi|213512645|ref|NR_024482.1|,356,107.57,47.1235,29574.1,sample_19
gi|29029551|ref|NM_177405.1|,3071,2822.57,642.732,15372.7,sample_19
gi|29029549|ref|NM_017424.2|,3947,3698.57,719.268,13128.7,sample_19
gi|345525396|ref|NR_038398.2|,1915,1666.57,333.0,13489.1,sample_19
gi|270132321|ref|NM_031413.3|,5760,5511.57,1145.0,14024.7,sample_19
gi|13899341|ref|NM_031481.1|,2087,1838.57,373.0,13696.0,sample_19
gi|87159815|ref|NM_001039366.1|,1340,1091.57,246.515,15246.0,sample_19
gi|87159817|ref|NM_001039367.1|,1316,1067.57,237.97799999999998,15048.9,sample_19
gi|87159814|ref|NM_001696.3|,1406,1157.57,401.50699999999995,23415.8,sample_19
gi|398707252|ref|NM_015367.3|,5132,4883.57,2155.54,29797.6,sample_19
gi|398775379|ref|NM_001270731.1|,5062,4813.57,900.1560000000001,12624.5,sample_19
gi|398775908|ref|NM_001270734.1|,4918,4669.57,537.234,7766.95,sample_19
gi|398775088|ref|NM_001270729.1|,4975,4726.57,1138.15,16256.2,sample_19
gi|398775598|ref|NM_001270732.1|,4905,4656.57,861.043,12483.1,sample_19
gi|398777064|ref|NM_001270735.1|,4761,4512.57,597.453,8938.06,sample_19
gi|398774965|ref|NM_001270728.1|,4797,4548.57,805.404,11953.7,sample_19
gi|398774578|ref|NM_001270726.1|,4961,4712.57,920.6560000000001,13188.7,sample_19
gi|398774790|ref|NM_001270727.1|,4817,4568.57,760.192,11233.3,sample_19
gi|398775209|ref|NM_001270730.1|,4804,4555.57,647.028,9588.35,sample_19
gi|398776358|ref|NR_073068.1|,4730,4481.57,965.227,14539.9,sample_19
gi|398776655|ref|NR_073069.1|,4713,4464.57,968.758,14648.7,sample_19
gi|398774358|ref|NM_001270733.1|,4347,4098.57,980.155,16144.5,sample_19
gi|347300409|ref|NM_001244567.1|,2128,1879.57,256.204,9202.17,sample_19
gi|347300417|ref|NM_001244570.1|,1936,1687.57,378.681,15148.7,sample_19
gi|347300412|ref|NM_197967.2|,2147,1898.57,425.871,15143.1,sample_19
gi|347300415|ref|NM_001244569.1|,2006,1757.57,328.32300000000004,12611.1,sample_19
gi|347300411|ref|NM_001196.3|,2217,1968.57,577.643,19809.4,sample_19
gi|347300422|ref|NM_001244572.1|,2254,2005.57,463.36,15597.1,sample_19
gi|347300421|ref|NM_197966.2|,2535,2286.57,540.919,15970.2,sample_19
gi|301171814|ref|NR_036168.1|,80,4.8947400000000005,17.0,234468.0,sample_19
gi|209862788|ref|NM_015241.2|,9471,9222.57,1887.38,13815.6,sample_19
gi|170172517|ref|NM_001122731.1|,3384,3135.57,649.717,13988.5,sample_19
gi|209862792|ref|NM_001136004.1|,8091,7842.57,1620.9,13952.8,sample_19
gi|424037187|ref|NR_073460.1|,725,476.543,325.991,50543.3,sample_18
gi|424037186|ref|NR_073459.1|,746,497.543,0.00879789,1.30649,sample_18
gi|209977002|ref|NM_001136213.1|,2037,1788.54,341.0,14086.9,sample_18
gi|52546690|ref|NM_001005239.1|,981,732.543,266.0,26829.2,sample_18
gi|51093856|ref|NM_014406.4|,2065,1816.54,337.0,13707.1,sample_18
gi|40445391|ref|NR_001591.1|,1483,1234.54,379.0,22682.6,sample_18
gi|338970360|ref|NR_040115.1|,1539,1290.54,281.0,16087.7,sample_18
gi|103471990|ref|NM_175878.3|,1700,1451.54,376.0,19138.9,sample_18
gi|151301122|ref|NR_003607.1|,1381,1132.54,315.0,20550.2,sample_18
gi|83716020|ref|NM_001037814.1|,2630,2381.54,570.0,17683.8,sample_18
gi|168229201|ref|NR_015352.1|,2726,2477.54,583.0,17386.3,sample_18
gi|411147377|ref|NM_014339.6|,8608,8359.54,1820.0,16086.0,sample_18
gi|251823729|ref|NM_001163079.1|,3979,3730.54,709.283,14047.8,sample_18
gi|251823728|ref|NM_031890.3|,5043,4794.54,1027.72,15837.5,sample_18
gi|51093854|ref|NM_017829.5|,1734,1485.54,279.093,13881.1,sample_18
gi|51093855|ref|NM_033070.2|,1809,1560.54,373.907,17703.0,sample_18
gi|213512664|ref|NR_024483.1|,650,401.543,114.604,21087.6,sample_18
gi|213512645|ref|NR_024482.1|,356,107.54299999999999,83.3962,57295.8,sample_18
gi|29029551|ref|NM_177405.1|,3071,2822.54,678.949,17772.8,sample_18
gi|29029549|ref|NM_017424.2|,3947,3698.54,856.051,17101.3,sample_18
gi|345525396|ref|NR_038398.2|,1915,1666.54,314.0,13921.1,sample_18
gi|270132321|ref|NM_031413.3|,5760,5511.54,1211.0,16234.2,sample_18
gi|13899341|ref|NM_031481.1|,2087,1838.54,479.0,19249.6,sample_18
gi|87159815|ref|NM_001039366.1|,1340,1091.54,202.43599999999998,13702.7,sample_18
gi|87159817|ref|NM_001039367.1|,1316,1067.54,234.41099999999997,16223.8,sample_18
gi|87159814|ref|NM_001696.3|,1406,1157.54,368.153,23499.1,sample_18
gi|398707252|ref|NM_015367.3|,5132,4883.54,2007.96,30379.5,sample_18
gi|398775379|ref|NM_001270731.1|,5062,4813.54,892.2689999999999,13695.9,sample_18
gi|398775908|ref|NM_001270734.1|,4918,4669.54,454.414,7190.14,sample_18
gi|398775088|ref|NM_001270729.1|,4975,4726.54,999.694,15627.3,sample_18
gi|398775598|ref|NM_001270732.1|,4905,4656.54,947.818,15039.1,sample_18
gi|398777064|ref|NM_001270735.1|,4761,4512.54,1016.42,16642.3,sample_18
gi|398774965|ref|NM_001270728.1|,4797,4548.54,766.668,12453.6,sample_18
gi|398774578|ref|NM_001270726.1|,4961,4712.54,1359.08,21308.3,sample_18
gi|398774790|ref|NM_001270727.1|,4817,4568.54,726.242,11745.3,sample_18
gi|398775209|ref|NM_001270730.1|,4804,4555.54,426.15,6911.65,sample_18
gi|398776358|ref|NR_073068.1|,4730,4481.54,1052.91,17359.0,sample_18
gi|398776655|ref|NR_073069.1|,4713,4464.54,1023.02,16930.5,sample_18
gi|398774358|ref|NM_001270733.1|,4347,4098.54,1279.35,23063.2,sample_18
gi|347300409|ref|NM_001244567.1|,2128,1879.54,291.768,11469.5,sample_18
gi|347300417|ref|NM_001244570.1|,1936,1687.54,230.898,10109.4,sample_18
gi|347300412|ref|NM_197967.2|,2147,1898.54,375.98199999999997,14632.1,sample_18
gi|347300415|ref|NM_001244569.1|,2006,1757.54,439.101,18459.4,sample_18
gi|347300411|ref|NM_001196.3|,2217,1968.54,608.443,22836.8,sample_18
gi|347300422|ref|NM_001244572.1|,2254,2005.54,379.12199999999996,13967.1,sample_18
gi|347300421|ref|NM_197966.2|,2535,2286.54,731.686,23643.1,sample_18
gi|301171814|ref|NR_036168.1|,80,7.357139999999999,12.0,120512.0,sample_18
gi|209862788|ref|NM_015241.2|,9471,9222.54,1902.9,15244.9,sample_18
gi|170172517|ref|NM_001122731.1|,3384,3135.54,575.885,13570.1,sample_18
gi|209862792|ref|NM_001136004.1|,8091,7842.54,1578.21,14868.6,sample_18
gi|424037187|ref|NR_073460.1|,725,475.99800000000005,281.991,48412.5,sample_04
gi|424037186|ref|NR_073459.1|,746,496.99800000000005,0.00922908,1.5175100000000001,sample_04
gi|209977002|ref|NM_001136213.1|,2037,1788.0,425.0,19424.5,sample_04
gi|52546690|ref|NM_001005239.1|,981,731.998,217.0,24225.8,sample_04
gi|51093856|ref|NM_014406.4|,2065,1816.0,428.0,19260.0,sample_04
gi|40445391|ref|NR_001591.1|,1483,1234.0,267.0,17681.7,sample_04
gi|338970360|ref|NR_040115.1|,1539,1290.0,311.0,19701.5,sample_04
gi|103471990|ref|NM_175878.3|,1700,1451.0,358.0,20162.5,sample_04
gi|151301122|ref|NR_003607.1|,1381,1132.0,308.0,22234.8,sample_04
gi|83716020|ref|NM_001037814.1|,2630,2381.0,500.0,17160.8,sample_04
gi|168229201|ref|NR_015352.1|,2726,2477.0,546.0,18013.4,sample_04
gi|411147377|ref|NM_014339.6|,8608,8359.0,1713.0,16746.8,sample_04
gi|251823729|ref|NM_001163079.1|,3979,3730.0,801.221,17553.8,sample_04
gi|251823728|ref|NM_031890.3|,5043,4794.0,1091.78,18610.8,sample_04
gi|51093854|ref|NM_017829.5|,1734,1485.0,318.835,17545.6,sample_04
gi|51093855|ref|NM_033070.2|,1809,1560.0,365.165,19129.0,sample_04
gi|213512664|ref|NR_024483.1|,650,400.99800000000005,112.47200000000001,22920.8,sample_04
gi|213512645|ref|NR_024482.1|,356,106.99799999999999,69.5281,53102.2,sample_04
gi|29029551|ref|NM_177405.1|,3071,2822.0,639.38,18515.3,sample_04
gi|29029549|ref|NM_017424.2|,3947,3698.0,907.62,20057.0,sample_04
gi|345525396|ref|NR_038398.2|,1915,1666.0,354.0,17364.3,sample_04
gi|270132321|ref|NM_031413.3|,5760,5511.0,1204.0,17853.5,sample_04
gi|13899341|ref|NM_031481.1|,2087,1838.0,480.0,21341.4,sample_04
gi|87159815|ref|NM_001039366.1|,1340,1091.0,217.763,16311.2,sample_04
gi|87159817|ref|NM_001039367.1|,1316,1067.0,227.107,17393.8,sample_04
gi|87159814|ref|NM_001696.3|,1406,1157.0,411.13,29038.5,sample_04
gi|398707252|ref|NM_015367.3|,5132,4883.0,2253.77,37718.1,sample_04
gi|398775379|ref|NM_001270731.1|,5062,4813.0,793.482,13472.5,sample_04
gi|398775908|ref|NM_001270734.1|,4918,4669.0,235.40400000000002,4120.19,sample_04
gi|398775088|ref|NM_001270729.1|,4975,4726.0,1291.83,22337.8,sample_04
gi|398775598|ref|NM_001270732.1|,4905,4656.0,859.3380000000001,15082.7,sample_04
gi|398777064|ref|NM_001270735.1|,4761,4512.0,784.072,14200.9,sample_04
gi|398774965|ref|NM_001270728.1|,4797,4548.0,977.3639999999999,17561.6,sample_04
gi|398774578|ref|NM_001270726.1|,4961,4712.0,764.04,13250.7,sample_04
gi|398774790|ref|NM_001270727.1|,4817,4568.0,1050.24,18788.4,sample_04
gi|398775209|ref|NM_001270730.1|,4804,4555.0,508.12699999999995,9116.16,sample_04
gi|398776358|ref|NR_073068.1|,4730,4481.0,1081.83,19729.2,sample_04
gi|398776655|ref|NR_073069.1|,4713,4464.0,1105.28,20233.7,sample_04
gi|398774358|ref|NM_001270733.1|,4347,4098.0,1007.23,20085.6,sample_04
gi|347300409|ref|NM_001244567.1|,2128,1879.0,332.13699999999994,14445.0,sample_04
gi|347300417|ref|NM_001244570.1|,1936,1687.0,496.912,24070.9,sample_04
gi|347300412|ref|NM_197967.2|,2147,1898.0,479.124,20629.1,sample_04
gi|347300415|ref|NM_001244569.1|,2006,1757.0,374.148,17402.0,sample_04
gi|347300411|ref|NM_001196.3|,2217,1968.0,449.536,18666.7,sample_04
gi|347300422|ref|NM_001244572.1|,2254,2005.0,419.341,17091.5,sample_04
gi|347300421|ref|NM_197966.2|,2535,2286.0,479.80199999999996,17152.0,sample_04
gi|301171814|ref|NR_036168.1|,80,18.7059,10.0,43686.7,sample_04
gi|209862788|ref|NM_015241.2|,9471,9222.0,1958.57,17355.7,sample_04
gi|170172517|ref|NM_001122731.1|,3384,3135.0,610.826,15922.4,sample_04
gi|209862792|ref|NM_001136004.1|,8091,7842.0,1738.6,18117.6,sample_04
gi|424037187|ref|NR_073460.1|,725,476.466,307.991,50998.5,sample_11
gi|424037186|ref|NR_073459.1|,746,497.466,0.00925655,1.46804,sample_11
gi|209977002|ref|NM_001136213.1|,2037,1788.47,367.0,16189.6,sample_11
gi|52546690|ref|NM_001005239.1|,981,732.466,201.0,21650.1,sample_11
gi|51093856|ref|NM_014406.4|,2065,1816.47,349.0,15158.3,sample_11
gi|40445391|ref|NR_001591.1|,1483,1234.47,292.0,18661.9,sample_11
gi|338970360|ref|NR_040115.1|,1539,1290.47,277.0,16935.0,sample_11
gi|103471990|ref|NM_175878.3|,1700,1451.47,354.0,19241.9,sample_11
gi|151301122|ref|NR_003607.1|,1381,1132.47,248.0,17277.4,sample_11
gi|83716020|ref|NM_001037814.1|,2630,2381.47,498.0,16498.2,sample_11
gi|168229201|ref|NR_015352.1|,2726,2477.47,539.0,17164.5,sample_11
gi|411147377|ref|NM_014339.6|,8608,8359.47,1638.0,15459.2,sample_11
gi|251823729|ref|NM_001163079.1|,3979,3730.47,774.35,16376.7,sample_11
gi|251823728|ref|NM_031890.3|,5043,4794.47,979.65,16120.6,sample_11
gi|51093854|ref|NM_017829.5|,1734,1485.47,347.251,18443.0,sample_11
gi|51093855|ref|NM_033070.2|,1809,1560.47,380.749,19250.2,sample_11
gi|213512664|ref|NR_024483.1|,650,401.466,107.10600000000001,21048.3,sample_11
gi|213512645|ref|NR_024482.1|,356,107.46600000000001,47.8938,35160.9,sample_11
gi|29029551|ref|NM_177405.1|,3071,2822.47,574.431,16056.9,sample_11
gi|29029549|ref|NM_017424.2|,3947,3698.47,781.569,16672.3,sample_11
gi|345525396|ref|NR_038398.2|,1915,1666.47,325.0,15386.4,sample_11
gi|270132321|ref|NM_031413.3|,5760,5511.47,1112.0,15918.0,sample_11
gi|13899341|ref|NM_031481.1|,2087,1838.47,426.0,18281.2,sample_11
gi|87159815|ref|NM_001039366.1|,1340,1091.47,206.62900000000002,14935.9,sample_11
gi|87159817|ref|NM_001039367.1|,1316,1067.47,189.64700000000002,14016.6,sample_11
gi|87159814|ref|NM_001696.3|,1406,1157.47,344.724,23497.1,sample_11
gi|398707252|ref|NM_015367.3|,5132,4883.47,1645.96,26591.5,sample_11
gi|398775379|ref|NM_001270731.1|,5062,4813.47,1211.95,19864.5,sample_11
gi|398775908|ref|NM_001270734.1|,4918,4669.47,354.08,5982.54,sample_11
gi|398775088|ref|NM_001270729.1|,4975,4726.47,1128.91,18844.1,sample_11
gi|398775598|ref|NM_001270732.1|,4905,4656.47,725.523,12292.7,sample_11
gi|398777064|ref|NM_001270735.1|,4761,4512.47,727.5980000000001,12721.2,sample_11
gi|398774965|ref|NM_001270728.1|,4797,4548.47,954.117,16549.6,sample_11
gi|398774578|ref|NM_001270726.1|,4961,4712.47,914.0319999999999,15302.6,sample_11
gi|398774790|ref|NM_001270727.1|,4817,4568.47,926.697,16003.6,sample_11
gi|398775209|ref|NM_001270730.1|,4804,4555.47,948.691,16430.2,sample_11
gi|398776358|ref|NR_073068.1|,4730,4481.47,934.643,16454.2,sample_11
gi|398776655|ref|NR_073069.1|,4713,4464.47,1106.35,19551.2,sample_11
gi|398774358|ref|NM_001270733.1|,4347,4098.47,813.446,15658.8,sample_11
gi|347300409|ref|NM_001244567.1|,2128,1879.47,219.13299999999998,9198.66,sample_11
gi|347300417|ref|NM_001244570.1|,1936,1687.47,424.55199999999996,19849.4,sample_11
gi|347300412|ref|NM_197967.2|,2147,1898.47,389.12199999999996,16170.9,sample_11
gi|347300415|ref|NM_001244569.1|,2006,1757.47,411.934,18492.4,sample_11
gi|347300411|ref|NM_001196.3|,2217,1968.47,757.007,30340.5,sample_11
gi|347300422|ref|NM_001244572.1|,2254,2005.47,372.67199999999997,14661.0,sample_11
gi|347300421|ref|NM_197966.2|,2535,2286.47,622.58,21482.3,sample_11
gi|301171814|ref|NR_036168.1|,80,3.8571400000000002,6.0,122726.0,sample_11
gi|209862788|ref|NM_015241.2|,9471,9222.47,1946.41,16650.9,sample_11
gi|170172517|ref|NM_001122731.1|,3384,3135.47,687.148,17290.2,sample_11
gi|209862792|ref|NM_001136004.1|,8091,7842.47,1440.45,14490.9,sample_11
gi|424037187|ref|NR_073460.1|,725,477.095,355.991,50836.9,sample_09
gi|424037186|ref|NR_073459.1|,746,498.095,0.00910892,1.24595,sample_09
gi|209977002|ref|NM_001136213.1|,2037,1789.09,420.0,15994.1,sample_09
gi|52546690|ref|NM_001005239.1|,981,733.095,234.0,21747.1,sample_09
gi|51093856|ref|NM_014406.4|,2065,1817.09,453.0,16985.0,sample_09
gi|40445391|ref|NR_001591.1|,1483,1235.09,304.0,16769.4,sample_09
gi|338970360|ref|NR_040115.1|,1539,1291.09,335.0,17677.9,sample_09
gi|103471990|ref|NM_175878.3|,1700,1452.09,350.0,16421.7,sample_09
gi|151301122|ref|NR_003607.1|,1381,1133.09,242.0,14551.0,sample_09
gi|83716020|ref|NM_001037814.1|,2630,2382.09,529.0,15130.1,sample_09
gi|168229201|ref|NR_015352.1|,2726,2478.09,496.0,13636.7,sample_09
gi|411147377|ref|NM_014339.6|,8608,8360.09,1513.0,12330.3,sample_09
gi|251823729|ref|NM_001163079.1|,3979,3731.09,748.436,13666.7,sample_09
gi|251823728|ref|NM_031890.3|,5043,4795.09,1060.56,15069.0,sample_09
gi|51093854|ref|NM_017829.5|,1734,1486.09,301.584,13826.3,sample_09
gi|51093855|ref|NM_033070.2|,1809,1561.09,314.416,13722.1,sample_09
gi|213512664|ref|NR_024483.1|,650,402.095,154.80100000000002,26229.5,sample_09
gi|213512645|ref|NR_024482.1|,356,108.095,53.1992,33531.0,sample_09
gi|29029551|ref|NM_177405.1|,3071,2823.09,685.9910000000001,16555.3,sample_09
gi|29029549|ref|NM_017424.2|,3947,3699.09,786.0089999999999,14477.0,sample_09
gi|345525396|ref|NR_038398.2|,1915,1667.09,476.0,19453.2,sample_09
gi|270132321|ref|NM_031413.3|,5760,5512.09,1134.0,14016.6,sample_09
gi|13899341|ref|NM_031481.1|,2087,1839.09,446.0,16522.5,sample_09
gi|87159815|ref|NM_001039366.1|,1340,1092.09,162.226,10120.5,sample_09
gi|87159817|ref|NM_001039367.1|,1316,1068.09,189.25099999999998,12071.8,sample_09
gi|87159814|ref|NM_001696.3|,1406,1158.09,406.524,23915.9,sample_09
gi|398707252|ref|NM_015367.3|,5132,4884.09,1691.34,23593.4,sample_09
gi|398775379|ref|NM_001270731.1|,5062,4814.09,1092.68,15464.0,sample_09
gi|398775908|ref|NM_001270734.1|,4918,4670.09,337.102,4917.91,sample_09
gi|398775088|ref|NM_001270729.1|,4975,4727.09,1373.27,19792.7,sample_09
gi|398775598|ref|NM_001270732.1|,4905,4657.09,973.745,14245.4,sample_09
gi|398777064|ref|NM_001270735.1|,4761,4513.09,690.7310000000001,10427.5,sample_09
gi|398774965|ref|NM_001270728.1|,4797,4549.09,844.296,12644.9,sample_09
gi|398774578|ref|NM_001270726.1|,4961,4713.09,1184.33,17120.3,sample_09
gi|398774790|ref|NM_001270727.1|,4817,4569.09,744.69,11104.3,sample_09
gi|398775209|ref|NM_001270730.1|,4804,4556.09,555.95,8313.57,sample_09
gi|398776358|ref|NR_073068.1|,4730,4482.09,842.865,12812.1,sample_09
gi|398776655|ref|NR_073069.1|,4713,4465.09,1145.14,17473.2,sample_09
gi|398774358|ref|NM_001270733.1|,4347,4099.09,1038.88,17267.2,sample_09
gi|347300409|ref|NM_001244567.1|,2128,1880.09,343.39,12443.8,sample_09
gi|347300417|ref|NM_001244570.1|,1936,1688.09,302.91700000000003,12225.6,sample_09
gi|347300412|ref|NM_197967.2|,2147,1899.09,626.476,22475.2,sample_09
gi|347300415|ref|NM_001244569.1|,2006,1758.09,335.769,13012.0,sample_09
gi|347300411|ref|NM_001196.3|,2217,1969.09,538.302,18625.4,sample_09
gi|347300422|ref|NM_001244572.1|,2254,2006.09,364.653,12384.4,sample_09
gi|347300421|ref|NM_197966.2|,2535,2287.09,485.49199999999996,14462.5,sample_09
gi|301171814|ref|NR_036168.1|,80,8.78125,27.0,209485.0,sample_09
gi|209862788|ref|NM_015241.2|,9471,9223.09,1880.41,13890.6,sample_09
gi|170172517|ref|NM_001122731.1|,3384,3136.09,770.51,16739.2,sample_09
gi|209862792|ref|NM_001136004.1|,8091,7843.09,1591.08,13821.3,sample_09
gi|424037187|ref|NR_073460.1|,725,476.5,321.991,25309.8,sample_12
gi|424037186|ref|NR_073459.1|,746,497.5,0.00884933,0.6662319999999999,sample_12
gi|209977002|ref|NM_001136213.1|,2037,1788.5,495.0,10366.3,sample_12
gi|52546690|ref|NM_001005239.1|,981,732.5,205.0,10482.2,sample_12
gi|51093856|ref|NM_014406.4|,2065,1816.5,389.0,8020.89,sample_12
gi|40445391|ref|NR_001591.1|,1483,1234.5,298.0,9041.35,sample_12
gi|338970360|ref|NR_040115.1|,1539,1290.5,307.0,8910.22,sample_12
gi|103471990|ref|NM_175878.3|,1700,1451.5,346.0,8928.27,sample_12
gi|151301122|ref|NR_003607.1|,1381,1132.5,308.0,10186.4,sample_12
gi|83716020|ref|NM_001037814.1|,2630,2381.5,578.0,9090.45,sample_12
gi|168229201|ref|NR_015352.1|,2726,2477.5,474.0,7165.93,sample_12
gi|411147377|ref|NM_014339.6|,8608,8359.5,1792.0,8029.08,sample_12
gi|251823729|ref|NM_001163079.1|,3979,3730.5,949.8,9536.15,sample_12
gi|251823728|ref|NM_031890.3|,5043,4794.5,889.2,6946.47,sample_12
gi|51093854|ref|NM_017829.5|,1734,1485.5,273.253,6889.7,sample_12
gi|51093855|ref|NM_033070.2|,1809,1560.5,402.74699999999996,9666.67,sample_12
gi|213512664|ref|NR_024483.1|,650,401.5,144.55200000000002,13484.9,sample_12
gi|213512645|ref|NR_024482.1|,356,107.5,27.4478,9563.32,sample_12
gi|29029551|ref|NM_177405.1|,3071,2822.5,758.961,10071.5,sample_12
gi|29029549|ref|NM_017424.2|,3947,3698.5,816.039,8264.06,sample_12
gi|345525396|ref|NR_038398.2|,1915,1666.5,404.0,9079.97,sample_12
gi|270132321|ref|NM_031413.3|,5760,5511.5,1159.0,7876.29,sample_12
gi|13899341|ref|NM_031481.1|,2087,1838.5,330.0,6722.93,sample_12
gi|87159815|ref|NM_001039366.1|,1340,1091.5,258.22,8860.82,sample_12
gi|87159817|ref|NM_001039367.1|,1316,1067.5,270.904,9505.07,sample_12
gi|87159814|ref|NM_001696.3|,1406,1157.5,391.87699999999995,12680.5,sample_12
gi|398707252|ref|NM_015367.3|,5132,4883.5,2033.77,15598.3,sample_12
gi|398775379|ref|NM_001270731.1|,5062,4813.5,948.6260000000001,7381.46,sample_12
gi|398775908|ref|NM_001270734.1|,4918,4669.5,581.136,4661.39,sample_12
gi|398775088|ref|NM_001270729.1|,4975,4726.5,1282.42,10162.5,sample_12
gi|398775598|ref|NM_001270732.1|,4905,4656.5,1000.5,8047.57,sample_12
gi|398777064|ref|NM_001270735.1|,4761,4512.5,770.279,6393.5,sample_12
gi|398774965|ref|NM_001270728.1|,4797,4548.5,932.6610000000001,7680.05,sample_12
gi|398774578|ref|NM_001270726.1|,4961,4712.5,1167.44,9278.79,sample_12
gi|398774790|ref|NM_001270727.1|,4817,4568.5,751.053,6157.51,sample_12
gi|398775209|ref|NM_001270730.1|,4804,4555.5,288.902,2375.33,sample_12
gi|398776358|ref|NR_073068.1|,4730,4481.5,1036.76,8664.88,sample_12
gi|398776655|ref|NR_073069.1|,4713,4464.5,1098.59,9216.58,sample_12
gi|398774358|ref|NM_001270733.1|,4347,4098.5,972.8660000000001,8890.7,sample_12
gi|347300409|ref|NM_001244567.1|,2128,1879.5,339.903,6773.62,sample_12
gi|347300417|ref|NM_001244570.1|,1936,1687.5,349.33099999999996,7753.57,sample_12
gi|347300412|ref|NM_197967.2|,2147,1898.5,206.929,4082.43,sample_12
gi|347300415|ref|NM_001244569.1|,2006,1757.5,393.29,8381.58,sample_12
gi|347300411|ref|NM_001196.3|,2217,1968.5,639.951,12176.4,sample_12
gi|347300422|ref|NM_001244572.1|,2254,2005.5,357.267,6672.34,sample_12
gi|347300421|ref|NM_197966.2|,2535,2286.5,546.3290000000001,8949.34,sample_12
gi|301171814|ref|NR_036168.1|,80,1.82759,28.0,573837.0,sample_12
gi|209862788|ref|NM_015241.2|,9471,9222.5,1671.4,6787.95,sample_12
gi|170172517|ref|NM_001122731.1|,3384,3135.5,649.78,7761.89,sample_12
gi|209862792|ref|NM_001136004.1|,8091,7842.5,1598.82,7635.8,sample_12
gi|424037187|ref|NR_073460.1|,725,476.74300000000005,276.991,31817.5,sample_10
gi|424037186|ref|NR_073459.1|,746,497.74300000000005,0.0092665,1.01952,sample_10
gi|209977002|ref|NM_001136213.1|,2037,1788.74,411.0,12582.9,sample_10
gi|52546690|ref|NM_001005239.1|,981,732.743,236.0,17637.9,sample_10
gi|51093856|ref|NM_014406.4|,2065,1816.74,416.0,12539.6,sample_10
gi|40445391|ref|NR_001591.1|,1483,1234.74,294.0,13039.4,sample_10
gi|338970360|ref|NR_040115.1|,1539,1290.74,317.0,13449.5,sample_10
gi|103471990|ref|NM_175878.3|,1700,1451.74,310.0,11693.8,sample_10
gi|151301122|ref|NR_003607.1|,1381,1132.74,309.0,14938.7,sample_10
gi|83716020|ref|NM_001037814.1|,2630,2381.74,649.0,14922.3,sample_10
gi|168229201|ref|NR_015352.1|,2726,2477.74,531.0,11736.1,sample_10
gi|411147377|ref|NM_014339.6|,8608,8359.74,1663.0,10893.9,sample_10
gi|251823729|ref|NM_001163079.1|,3979,3730.74,877.679,12883.3,sample_10
gi|251823728|ref|NM_031890.3|,5043,4794.74,1114.32,12727.1,sample_10
gi|51093854|ref|NM_017829.5|,1734,1485.74,320.774,11823.4,sample_10
gi|51093855|ref|NM_033070.2|,1809,1560.74,416.226,14604.4,sample_10
gi|213512664|ref|NR_024483.1|,650,401.74300000000005,151.00799999999998,20584.3,sample_10
gi|213512645|ref|NR_024482.1|,356,107.743,43.9924,22360.0,sample_10
gi|29029551|ref|NM_177405.1|,3071,2822.74,635.009,12319.5,sample_10
gi|29029549|ref|NM_017424.2|,3947,3698.74,723.9910000000001,10719.3,sample_10
gi|345525396|ref|NR_038398.2|,1915,1666.74,430.0,14128.1,sample_10
gi|270132321|ref|NM_031413.3|,5760,5511.74,1132.0,11247.2,sample_10
gi|13899341|ref|NM_031481.1|,2087,1838.74,431.0,12836.4,sample_10
gi|87159815|ref|NM_001039366.1|,1340,1091.74,240.37400000000002,12057.4,sample_10
gi|87159817|ref|NM_001039367.1|,1316,1067.74,273.437,14024.1,sample_10
gi|87159814|ref|NM_001696.3|,1406,1157.74,336.189,15902.2,sample_10
gi|398707252|ref|NM_015367.3|,5132,4883.74,2269.26,25445.8,sample_10
gi|398775379|ref|NM_001270731.1|,5062,4813.74,959.5210000000001,10915.8,sample_10
gi|398775908|ref|NM_001270734.1|,4918,4669.74,522.0369999999999,6122.01,sample_10
gi|398775088|ref|NM_001270729.1|,4975,4726.74,1056.3,12238.0,sample_10
gi|398775598|ref|NM_001270732.1|,4905,4656.74,914.836,10758.4,sample_10
gi|398777064|ref|NM_001270735.1|,4761,4512.74,687.2360000000001,8339.71,sample_10
gi|398774965|ref|NM_001270728.1|,4797,4548.74,705.221,8490.23,sample_10
gi|398774578|ref|NM_001270726.1|,4961,4712.74,818.173,9507.29,sample_10
gi|398774790|ref|NM_001270727.1|,4817,4568.74,832.0360000000001,9973.12,sample_10
gi|398775209|ref|NM_001270730.1|,4804,4555.74,719.137,8644.47,sample_10
gi|398776358|ref|NR_073068.1|,4730,4481.74,1029.87,12584.0,sample_10
gi|398776655|ref|NR_073069.1|,4713,4464.74,942.5010000000001,11560.3,sample_10
gi|398774358|ref|NM_001270733.1|,4347,4098.74,946.875,12651.1,sample_10
gi|347300409|ref|NM_001244567.1|,2128,1879.74,206.40599999999998,6013.25,sample_10
gi|347300417|ref|NM_001244570.1|,1936,1687.74,488.527,15851.4,sample_10
gi|347300412|ref|NM_197967.2|,2147,1898.74,498.431,14375.6,sample_10
gi|347300415|ref|NM_001244569.1|,2006,1757.74,335.471,10451.6,sample_10
gi|347300411|ref|NM_001196.3|,2217,1968.74,542.146,15080.4,sample_10
gi|347300422|ref|NM_001244572.1|,2254,2005.74,429.286,11720.8,sample_10
gi|347300421|ref|NM_197966.2|,2535,2286.74,457.73199999999997,10961.7,sample_10
gi|301171814|ref|NR_036168.1|,80,4.4375,30.0,370227.0,sample_10
gi|209862788|ref|NM_015241.2|,9471,9222.74,2004.98,11905.2,sample_10
gi|170172517|ref|NM_001122731.1|,3384,3135.74,630.749,11015.4,sample_10
gi|209862792|ref|NM_001136004.1|,8091,7842.74,1675.27,11697.8,sample_10
